{"IITB": [-0.08675364521477101, 0.24940027954299362], "RAC": [0.12459647960086764, 0.24940024928657858], "NTHU": [-0.17349191366929415, 0.24940032975136486], "data_points": [42594, 1.0], "UFC": [-0.07469118347890404, 0.2494002710223911], "IPN": [-0.3878264292749173, 0.24940026293314876], "PKU": [0.0736813467261791, 0.2494002596253227], "CUUI": [0.1436914842550504, 0.24940031124401515], "SJTU": [-0.09244588288788436, 0.24940030071930153], "UMC": [-0.0860806011587604, 0.24940019635713995], "INPUT": [-0.10986266693095607, 0.24940029398084176], "CAMB": [0.3365984069775693, 0.24940012748781626], "POST": [0.0231164502665725, 0.24940029585807263], "AMU": [0.30946819813172155, 0.24940033470447812]}