{"IITB": [-0.08741975629835466, 0.24939944605559575], "RAC": [0.13363611468990363, 0.24939933466889624], "NTHU": [-0.15205796744478275, 0.24939944274751555], "data_points": [42594, 1.0], "UFC": [-0.0810562910747786, 0.24939945587351903], "IPN": [-0.37744388271372326, 0.24939949331738398], "PKU": [0.08675033597635395, 0.24939940985826375], "CUUI": [0.15373011064717867, 0.24939944977666392], "SJTU": [-0.11957673993838344, 0.24939948587630648], "UMC": [-0.0931090445041914, 0.2493993098204583], "INPUT": [-0.10249322128562821, 0.24939933498088018], "CAMB": [0.2893739546350453, 0.2493994476308351], "POST": [0.04521869307363575, 0.2493994388394585], "AMU": [0.30444776356678865, 0.249399416292338]}