{"IITB": [-0.10316312426862526, 0.24939995626038036], "RAC": [0.09914005633185913, 0.2493998054167489], "NTHU": [-0.16176718306750656, 0.24939994797957385], "data_points": [42594, 1.0], "UFC": [-0.09579772800080288, 0.24939978533165308], "IPN": [-0.3814635822523583, 0.24939998220008264], "PKU": [0.06865815731109218, 0.24939997483247803], "CUUI": [0.1550811480226386, 0.24939989808202143], "SJTU": [-0.09780086015965737, 0.24939980731574915], "UMC": [-0.09512337113671505, 0.24939983401198104], "INPUT": [-0.09646624074495869, 0.24939992793213958], "CAMB": [0.29942491983406283, 0.24939996090599717], "POST": [0.05995801104470976, 0.24939999726384707], "AMU": [0.34931985395632226, 0.24939990176647706]}