{"IITB": [-0.0723508396851744, 0.2493997049925886], "RAC": [0.09110520609144589, 0.24939979669987875], "NTHU": [-0.15037741279072264, 0.2493997204454656], "data_points": [42594, 1.0], "UFC": [-0.08541791721216942, 0.2493995285320622], "IPN": [-0.413275018903663, 0.24939975735922923], "PKU": [0.08942173957710874, 0.2493998257639019], "CUUI": [0.12828773330504448, 0.2493997224263378], "SJTU": [-0.09177428370092641, 0.24939974844138607], "UMC": [-0.07100624652309874, 0.24939980737704], "INPUT": [-0.09478831043571612, 0.2493996003675368], "CAMB": [0.31448441202287136, 0.24939976770275993], "POST": [0.04052917982403217, 0.24939958170359824], "AMU": [0.31516185790466467, 0.24939976224187238]}