{"IITB": [-0.09747680072950449, 0.24940013913855474], "RAC": [0.10952744092002435, 0.2494001809271222], "NTHU": [-0.13765068248551643, 0.24940017669669323], "data_points": [42594, 1.0], "UFC": [-0.10082255767372263, 0.24940018845779557], "IPN": [-0.39318812750274373, 0.24940018924263296], "PKU": [0.06699124573784783, 0.24940016410708363], "CUUI": [0.17249248928965455, 0.24940013216757584], "SJTU": [-0.0890961111659088, 0.24940009057466825], "UMC": [-0.059615047982960946, 0.24940017561019323], "INPUT": [-0.1162271479365364, 0.24940023680636333], "CAMB": [0.26894348490459785, 0.24940023172702314], "POST": [0.06832684787085729, 0.24940007839818626], "AMU": [0.30779499494079376, 0.24940024017767035]}