{"IITB": [-0.09847868114300001, 0.24939999091846332], "RAC": [0.09981758129708095, 0.2494000132607854], "NTHU": [-0.15037992987082596, 0.24940012536247855], "data_points": [42594, 1.0], "UFC": [-0.07101457730921018, 0.24940016155534525], "IPN": [-0.37979316514222367, 0.2494001674698323], "PKU": [0.0830682267619201, 0.24940025320422698], "CUUI": [0.15674960487698175, 0.2494001654256459], "SJTU": [-0.11019777776989269, 0.24940022383347746], "UMC": [-0.0864138255719799, 0.2494002101528184], "INPUT": [-0.1363259486976682, 0.24940019148689158], "CAMB": [0.31818086911046106, 0.2494001953019105], "POST": [0.03584165960233732, 0.24940011832982215], "AMU": [0.33894598211859933, 0.24940023578915513]}