{"IITB": [-0.1128776411451158, 0.24940041824231457], "RAC": [0.11588693183712333, 0.24940041134413815], "NTHU": [-0.12090894873159347, 0.2494002912542387], "data_points": [42594, 1.0], "UFC": [-0.09478670770049986, 0.2494004184029507], "IPN": [-0.3938538225449111, 0.24940047935874415], "PKU": [0.054255643324554424, 0.24940043026350872], "CUUI": [0.14134342368107217, 0.24940047686428538], "SJTU": [-0.0867543689946038, 0.24940039675229186], "UMC": [-0.05760769266880188, 0.2494003983646752], "INPUT": [-0.08540780935942037, 0.2494004656124448], "CAMB": [0.3201784231350156, 0.24940038753133273], "POST": [0.046562882831860865, 0.24940033467283923], "AMU": [0.27396970321959074, 0.24940041160858117]}