{"IITB": [-0.07234916462486897, 0.2493993172150444], "RAC": [0.09076751847286853, 0.24939949019976068], "NTHU": [-0.1329664912749086, 0.2493996486522942], "data_points": [42594, 1.0], "UFC": [-0.07871260186645554, 0.24939938100855774], "IPN": [-0.3704090016399063, 0.24939962403145935], "PKU": [0.07737264582026299, 0.24939966082254728], "CUUI": [0.10182000992960404, 0.24939966926079415], "SJTU": [-0.08574511416294717, 0.24939964642891285], "UMC": [-0.061961261881350684, 0.24939962263506726], "INPUT": [-0.09579539518757345, 0.24939959655010568], "CAMB": [0.2692779616644882, 0.24939963355725434], "POST": [0.022777232392168698, 0.249399612420725], "AMU": [0.3359237276183024, 0.24939966315974502]}