{"IITB": [-0.08976816288928935, 0.2494001942163142], "RAC": [0.12292764091535552, 0.24940024189535298], "NTHU": [-0.15707875135144173, 0.24940020298708349], "data_points": [42594, 1.0], "UFC": [-0.0787145197877934, 0.2494002556709029], "IPN": [-0.39051061729203246, 0.24940018748516474], "PKU": [0.09345117254907569, 0.24940004888315048], "CUUI": [0.14703465379810088, 0.24940024380677947], "SJTU": [-0.10081601443559685, 0.24940024307689138], "UMC": [-0.10852235495100605, 0.24940015836789517], "INPUT": [-0.08206477521370739, 0.2494002061467291], "CAMB": [0.33357832876567434, 0.2494000871860538], "POST": [0.032161884246449716, 0.24940023171738748], "AMU": [0.27832152895851403, 0.24940015785223812]}