{"IITB": [-0.12426185011352384, 0.2493996113007026], "RAC": [0.11890442252107589, 0.2493995923796156], "NTHU": [-0.1266003194654507, 0.249399720988172], "data_points": [42594, 1.0], "UFC": [-0.09445902207216339, 0.24939971348156556], "IPN": [-0.3881610974846451, 0.2493996906266085], "PKU": [0.09411515850206664, 0.2493997087520753], "CUUI": [0.12694682910343072, 0.24939965313859536], "SJTU": [-0.10449886204244034, 0.24939972675586938], "UMC": [-0.05593672991584419, 0.2493996766974751], "INPUT": [-0.09512732540179794, 0.2493995471337388], "CAMB": [0.2733011280897997, 0.2493995904828702], "POST": [0.03684041859054538, 0.24939970591655364], "AMU": [0.3389373019710402, 0.2493997422784593]}