{"IITB": [-0.11053892583024515, 0.24940014029333438], "RAC": [0.10484059897124265, 0.2494002893879124], "NTHU": [-0.13362828516230205, 0.24940020487728343], "data_points": [42594, 1.0], "UFC": [-0.08675456997422326, 0.24940006087099015], "IPN": [-0.39687067254675285, 0.24940023861036198], "PKU": [0.05559927553350786, 0.24940000821375138], "CUUI": [0.13498048039308105, 0.24940026629534537], "SJTU": [-0.07837755433777163, 0.24940005775962687], "UMC": [-0.06397142856943976, 0.24940026730654294], "INPUT": [-0.0773759642496095, 0.24940023393598215], "CAMB": [0.3295650760538389, 0.24940027749609905], "POST": [0.007368330451869737, 0.24940019930773516], "AMU": [0.31516365843995026, 0.24940027307822574]}