{"IITB": [-0.07905169573254117, 0.2494005945963375], "RAC": [0.10684192909093863, 0.24940065951680895], "NTHU": [-0.15306386133179317, 0.24940070971201306], "data_points": [42594, 1.0], "UFC": [-0.049579947044160355, 0.24940064587795857], "IPN": [-0.4082579602318942, 0.2494006436246606], "PKU": [0.06799037742808696, 0.24940071086695725], "CUUI": [0.11656203439976619, 0.24940049618370264], "SJTU": [-0.13096203514842686, 0.2494006071231991], "UMC": [-0.08875698946867568, 0.24940072019246742], "INPUT": [-0.1065123685341598, 0.2494006270717074], "CAMB": [0.3245431854127816, 0.2494007134407478], "POST": [0.07603609120732822, 0.24940053834896853], "AMU": [0.32421122765346466, 0.24940057987055364]}