{"IITB": [-0.10919488199837891, 0.24940024860615742], "RAC": [0.12392911883578771, 0.24940008027848773], "NTHU": [-0.10517112836002855, 0.24940016019155767], "data_points": [42594, 1.0], "UFC": [-0.09546832989994931, 0.2494003509085228], "IPN": [-0.36840906651033306, 0.2494003357951809], "PKU": [0.11990854007019136, 0.24940031207338395], "CUUI": [0.11522197123910861, 0.24940022124554112], "SJTU": [-0.12158700939632937, 0.24940030597822221], "UMC": [-0.100142993064184, 0.24940027430989145], "INPUT": [-0.12124525765512541, 0.24940017060898045], "CAMB": [0.32018501000008004, 0.24940032487227315], "POST": [0.041878151413373484, 0.2494000707630734], "AMU": [0.30009593013245467, 0.24940018716737833]}