{"IITB": [-0.08306628537742088, 0.24939983053064138], "RAC": [0.08541380544773215, 0.24939987989035], "NTHU": [-0.15306115785277252, 0.2493999176082242], "data_points": [42594, 1.0], "UFC": [-0.10886069328101823, 0.24939996836832598], "IPN": [-0.4075833509834674, 0.2493998556139192], "PKU": [0.09746715170481113, 0.24939977393171225], "CUUI": [0.15005536777480236, 0.2493999166107724], "SJTU": [-0.0964592439971974, 0.24939979849087524], "UMC": [-0.056606865670427706, 0.249399983772549], "INPUT": [-0.11555986090108533, 0.24939997670277808], "CAMB": [0.2836779112252112, 0.24939992705954128], "POST": [0.06598364367358907, 0.24939993466245708], "AMU": [0.3385996566549111, 0.24939984072306692]}