{"IITB": [-0.11722896487131827, 0.24939956019802034], "RAC": [0.10617556107668037, 0.24939951869961538], "NTHU": [-0.14334473174886592, 0.24939941200191196], "data_points": [42594, 1.0], "UFC": [-0.09178085146668749, 0.2493994865079351], "IPN": [-0.40055288674337436, 0.24939946474296226], "PKU": [0.08507588719055459, 0.24939954327260547], "CUUI": [0.171155948313774, 0.2493996192449607], "SJTU": [-0.0894280526168273, 0.24939963478182567], "UMC": [-0.07402212481468072, 0.24939956021318074], "INPUT": [-0.09412328867655022, 0.249399537576053], "CAMB": [0.36572607222170683, 0.249399631392537], "POST": [0.022778481050247282, 0.24939957604295157], "AMU": [0.2595690068893547, 0.24939950151961074]}