{"IITB": [-0.09512268929815433, 0.2493999644662989], "RAC": [0.08004896923993625, 0.24940035180641792], "NTHU": [-0.16143669329856025, 0.24940031686893335], "data_points": [42594, 1.0], "UFC": [-0.0800568856169199, 0.24940029927780305], "IPN": [-0.4025611279454547, 0.24940030464707258], "PKU": [0.07402051681704808, 0.24940033207078313], "CUUI": [0.1617708611854862, 0.2494003525600481], "SJTU": [-0.07737195955709131, 0.24940017147169394], "UMC": [-0.06095361610368336, 0.24940029679685016], "INPUT": [-0.11489052563792454, 0.24940027770870554], "CAMB": [0.31918108751433266, 0.24940029822574433], "POST": [0.05493805381629322, 0.24940028820218949], "AMU": [0.3024340563063346, 0.24940019903062186]}