{"IITB": [-0.11923655400283807, 0.2494003591324626], "RAC": [0.12660865291136622, 0.24940032085238897], "NTHU": [-0.146029003768403, 0.24940016254532643], "data_points": [42594, 1.0], "UFC": [-0.09445226565249093, 0.24940031961786355], "IPN": [-0.40892929318916554, 0.2494002411109258], "PKU": [0.05090797903831907, 0.24940029189585297], "CUUI": [0.16780008102298366, 0.24940032222131125], "SJTU": [-0.0850846681860817, 0.24940027224225972], "UMC": [-0.04689067753773298, 0.24940028795172658], "INPUT": [-0.09244591457194684, 0.24940037377973182], "CAMB": [0.29105247619955327, 0.24940032513743823], "POST": [0.058280085274405945, 0.2494003335474717], "AMU": [0.2984191695005111, 0.24940031000222307]}