{"IITB": [-0.12996217080552985, 0.24940005162302906], "RAC": [0.1309583360361267, 0.24940032411032004], "NTHU": [-0.1664532571270607, 0.24940049582475315], "data_points": [42594, 1.0], "UFC": [-0.09010070011156972, 0.24940025793446893], "IPN": [-0.3958684519580328, 0.2494004797955223], "PKU": [0.0793750422263388, 0.24940040831248836], "CUUI": [0.11187802353204442, 0.24940040743677439], "SJTU": [-0.10283054169999623, 0.24940043166588768], "UMC": [-0.055940922367085935, 0.24940049457433627], "INPUT": [-0.10818638742906271, 0.2494003448157416], "CAMB": [0.3483259185647103, 0.24940043179386595], "POST": [0.041538061706733714, 0.24940047700185566], "AMU": [0.33726708459681093, 0.24940042969848172]}