{"IITB": [-0.12626622448781633, 0.2494003989103953], "RAC": [0.10817962678546011, 0.24940041472905244], "NTHU": [-0.13865955198565022, 0.24940040940890634], "data_points": [42594, 1.0], "UFC": [-0.07670233438290416, 0.24940045699723912], "IPN": [-0.37543507264262843, 0.24940036320023196], "PKU": [0.08607949792875164, 0.24940037317436994], "CUUI": [0.15440372700518848, 0.2494004304378233], "SJTU": [-0.11957078178900511, 0.24940045551651832], "UMC": [-0.053593225536007906, 0.2494004610103592], "INPUT": [-0.11656093814340913, 0.24940037626112163], "CAMB": [0.33190499080926317, 0.2494004000059428], "POST": [0.0475646922125102, 0.24940043327458547], "AMU": [0.27865560121454075, 0.24940046580739728]}