{"IITB": [-0.09612760951162055, 0.24939901565623274], "RAC": [0.09344626746295502, 0.24939904034894142], "NTHU": [-0.14301216001954126, 0.2493989821230493], "data_points": [42594, 1.0], "UFC": [-0.0639759092634791, 0.2493989203666841], "IPN": [-0.36973988267419333, 0.24939910001952487], "PKU": [0.06832383374622517, 0.24939904344768243], "CUUI": [0.17349466479384237, 0.24939895760992123], "SJTU": [-0.1279462448743816, 0.24939905400812007], "UMC": [-0.08908984138991383, 0.24939900467570522], "INPUT": [-0.09010780985459972, 0.24939909783159322], "CAMB": [0.29272235795596857, 0.24939898853426143], "POST": [0.06062882313463751, 0.24939895809000615], "AMU": [0.29138357191914854, 0.2493991007428318]}