{"IITB": [-0.08909357794174273, 0.2494004021202636], "RAC": [0.09813567020011647, 0.24940037376286853], "NTHU": [-0.15105182484674817, 0.24940048228641407], "data_points": [42594, 1.0], "UFC": [-0.09478926903046192, 0.24940042459240946], "IPN": [-0.4022226091247513, 0.24940038572977272], "PKU": [0.05660290096365026, 0.2494004098930414], "CUUI": [0.16612596740605717, 0.24940046639931335], "SJTU": [-0.10316620339838765, 0.24940035677440953], "UMC": [-0.05459150529317265, 0.2494004601184886], "INPUT": [-0.09110545818154889, 0.24940046236886737], "CAMB": [0.30846325349424447, 0.2494003903884011], "POST": [0.03216146552768619, 0.2494004396843211], "AMU": [0.32453125017431295, 0.2494005030413621]}