{"IITB": [-0.09378176102038258, 0.2493998152443376], "RAC": [0.12258805343567561, 0.24939989631594797], "NTHU": [-0.16846573678748777, 0.24939981788493928], "data_points": [42594, 1.0], "UFC": [-0.0706809987045773, 0.2493998055511044], "IPN": [-0.3690740200868004, 0.24939969328877068], "PKU": [0.023782203095269013, 0.24939986440540704], "CUUI": [0.1259366990430555, 0.24939991194016192], "SJTU": [-0.119910550362786, 0.24939983097296511], "UMC": [-0.08038641770317526, 0.24939991610643958], "INPUT": [-0.08206311016898321, 0.24939979048244834], "CAMB": [0.3315779764422425, 0.24939988132773175], "POST": [0.05660527834671609, 0.2493999301767339], "AMU": [0.32387247645439277, 0.24939986453023896]}