{"IITB": [-0.07972383129159369, 0.24939995174682258], "RAC": [0.11086117017931715, 0.24939994062058013], "NTHU": [-0.1688064106334859, 0.2493998947021291], "data_points": [42594, 1.0], "UFC": [-0.0505768984924829, 0.24939956044893208], "IPN": [-0.3905102939849029, 0.24939989295618709], "PKU": [0.065654534134445, 0.24939994552932324], "CUUI": [0.13732393753452607, 0.24939999174054758], "SJTU": [-0.11555649191865688, 0.24939984943790552], "UMC": [-0.05693997656342067, 0.2493998484693231], "INPUT": [-0.09579569642162482, 0.24939995396367537], "CAMB": [0.2990914111348506, 0.24939999193910609], "POST": [0.06263707284072993, 0.24939991925417573], "AMU": [0.28234149355351007, 0.24939997616565943]}