{"IITB": [-0.09311464259516056, 0.24940021158529327], "RAC": [0.10449884375256137, 0.24939983151425932], "NTHU": [-0.16679676868208226, 0.2494001828088756], "data_points": [42594, 1.0], "UFC": [-0.05326082439489387, 0.24940012128345854], "IPN": [-0.3958673005805681, 0.24940016371749874], "PKU": [0.031157106405247006, 0.24940013763599272], "CUUI": [0.1755033138309776, 0.24940021743315477], "SJTU": [-0.14569153869525608, 0.24940012258577876], "UMC": [-0.03952654434725463, 0.24940013454960705], "INPUT": [-0.1276165813433019, 0.2494001481600097], "CAMB": [0.3352604978550786, 0.24940020501965182], "POST": [0.06598434170554218, 0.2494001680071883], "AMU": [0.3094701438946353, 0.24939994123430634]}