{"IITB": [-0.0964598701921221, 0.24939965521622423], "RAC": [0.08574442977727045, 0.24939949127140365], "NTHU": [-0.1597541408556647, 0.2493995019016027], "data_points": [42594, 1.0], "UFC": [-0.07033993681353362, 0.24939960096353633], "IPN": [-0.3627059529019298, 0.24939963991621447], "PKU": [0.06999883255421188, 0.2493995809048928], "CUUI": [0.144693231493903, 0.24939959829765027], "SJTU": [-0.10215392086091411, 0.24939957652888875], "UMC": [-0.09244210895228076, 0.24939958215079616], "INPUT": [-0.07569921664552506, 0.24939960082859408], "CAMB": [0.29305461170745534, 0.2493994614013854], "POST": [0.04923523580890508, 0.24939954489800667], "AMU": [0.31682885295629143, 0.24939961643824882]}