{"IITB": [-0.09479234050684594, 0.24940052634037918], "RAC": [0.0833999261963962, 0.24940055496262567], "NTHU": [-0.11286995557156616, 0.24940042107872307], "data_points": [42594, 1.0], "UFC": [-0.07268425870185746, 0.2494005089490849], "IPN": [-0.37510049773185833, 0.2494005460265649], "PKU": [0.08608056920104096, 0.24940042726768646], "CUUI": [0.15407599496423527, 0.24940040787365972], "SJTU": [-0.11186865474180098, 0.24940056421688264], "UMC": [-0.08406610463921399, 0.2494006203530573], "INPUT": [-0.11523021540135839, 0.24940053191468725], "CAMB": [0.2964091745209992, 0.2494005353712496], "POST": [0.03449839064596288, 0.2494005901633164], "AMU": [0.3121480240547117, 0.2494004881626344]}