{"IITB": [-0.0991426806787961, 0.24939991495513833], "RAC": [0.10114953641092637, 0.24939987253657725], "NTHU": [-0.11454648810002196, 0.24939977738135174], "data_points": [42594, 1.0], "UFC": [-0.043203768621198076, 0.24939991545939177], "IPN": [-0.3858174101416549, 0.24939996429297742], "PKU": [0.05828023341413908, 0.24939995860728034], "CUUI": [0.14603278305276504, 0.249399926917709], "SJTU": [-0.13665351458868996, 0.24939981822566706], "UMC": [-0.05626836024187719, 0.24939993275702715], "INPUT": [-0.1292906125649709, 0.2493998591890415], "CAMB": [0.34764173369397444, 0.24939997094571353], "POST": [0.04153572140673198, 0.24939986629379496], "AMU": [0.27028288328684547, 0.2493999408863845]}