{"IITB": [-0.10416852510250298, 0.2493998837952283], "RAC": [0.10918959916963117, 0.24939978601053334], "NTHU": [-0.13095823568428036, 0.24939976545006887], "data_points": [42594, 1.0], "UFC": [-0.08843141162166658, 0.2493994862778463], "IPN": [-0.35434061415999746, 0.24939987436216612], "PKU": [0.10048711165717067, 0.24939979651334723], "CUUI": [0.1406750008244613, 0.24939985763057584], "SJTU": [-0.10919488992647054, 0.24939973139206567], "UMC": [-0.10818484140442451, 0.24939987997760216], "INPUT": [-0.11856844831242955, 0.2493998373815904], "CAMB": [0.3148314830598218, 0.24939979002763676], "POST": [0.07000074880585604, 0.2493996898450243], "AMU": [0.27866303687690214, 0.24939981886407186]}