{"IITB": [-0.10182889359427229, 0.2493997528671466], "RAC": [0.09779945882614145, 0.24939988966609053], "NTHU": [-0.14971520942219785, 0.2493997223555642], "data_points": [42594, 1.0], "UFC": [-0.09311603665419567, 0.24939984149046188], "IPN": [-0.379455232499328, 0.24939983317985534], "PKU": [0.07301916864780691, 0.2493997419911115], "CUUI": [0.15005234516925997, 0.24939989923766057], "SJTU": [-0.08875794819208158, 0.24939985983389615], "UMC": [-0.07033167040881634, 0.24939986829639713], "INPUT": [-0.11388353683820336, 0.2493998650968619], "CAMB": [0.3148300444898115, 0.24939954778747525], "POST": [0.05426319819036759, 0.2493998576331989], "AMU": [0.30712437119841113, 0.24939992892049181]}