{"IITB": [-0.09914206619452379, 0.24940057286953565], "RAC": [0.07536198627619346, 0.24940052471024327], "NTHU": [-0.14736612817496061, 0.2494005891463552], "data_points": [42594, 1.0], "UFC": [-0.1088629298504665, 0.24940038150861507], "IPN": [-0.354005614603228, 0.2494005963142864], "PKU": [0.08507376238567271, 0.24940062298353113], "CUUI": [0.15307542703502838, 0.2494006058134529], "SJTU": [-0.10249857275057112, 0.2494005407146178], "UMC": [-0.0626358717310049, 0.24940064165505466], "INPUT": [-0.10249786984903651, 0.24940061406569214], "CAMB": [0.3098132189114064, 0.2494005875738985], "POST": [0.03684358731197519, 0.24940044182346077], "AMU": [0.31684111338081206, 0.2494005296217428]}