{"IITB": [-0.1306187884139047, 0.24940036338804147], "RAC": [0.0813923779097211, 0.24940035622721346], "NTHU": [-0.12593195207075264, 0.2494004395511215], "data_points": [42594, 1.0], "UFC": [-0.05560424032983829, 0.24940041664389614], "IPN": [-0.377106088465232, 0.24940031451743463], "PKU": [0.05660043480008855, 0.24940042683184577], "CUUI": [0.13230759803466036, 0.2494003933320788], "SJTU": [-0.11521859549873285, 0.24940021180220798], "UMC": [-0.07033487783726053, 0.2494002489449399], "INPUT": [-0.06699925240209231, 0.24940034954571227], "CAMB": [0.303436661294312, 0.249400378529277], "POST": [0.06229865130440898, 0.24940036196449636], "AMU": [0.3057781107537374, 0.24940041557431683]}