{"IITB": [-0.10784927800746552, 0.24939961627107654], "RAC": [0.09814020515567223, 0.2493996315115415], "NTHU": [-0.12124664816536776, 0.24939967793559517], "data_points": [42594, 1.0], "UFC": [-0.09914439266275193, 0.24939963583349886], "IPN": [-0.38414200661231196, 0.24939966435358296], "PKU": [0.08072008254644815, 0.24939963092739387], "CUUI": [0.11689623264473607, 0.24939972233934662], "SJTU": [-0.11253651203927251, 0.24939970971501138], "UMC": [-0.07000491509638518, 0.24939964002433648], "INPUT": [-0.10014851240874634, 0.24939951784016084], "CAMB": [0.3248722725772363, 0.24939959146531396], "POST": [0.05459295419633267, 0.2493994494781273], "AMU": [0.3198505674709897, 0.24939972537330315]}