{"IITB": [-0.09546196556572198, 0.2493998491010201], "RAC": [0.10115733285946504, 0.24939989614956512], "NTHU": [-0.1564099004077941, 0.2493998914706932], "data_points": [42594, 1.0], "UFC": [-0.06766554893684139, 0.24939984353735611], "IPN": [-0.38681966834200526, 0.24939990679934876], "PKU": [0.075022780032889, 0.24939976175970222], "CUUI": [0.13933628824600713, 0.24939993369263647], "SJTU": [-0.11387991995062904, 0.2493999565073648], "UMC": [-0.09210305668926162, 0.24939987803602875], "INPUT": [-0.08574852804231244, 0.24939996442808363], "CAMB": [0.3064535958938547, 0.2493998669594053], "POST": [0.05895040806411023, 0.2493999789901647], "AMU": [0.3171682092759047, 0.2493999915732983]}