{"IITB": [-0.11723139484081378, 0.24940002775772827], "RAC": [0.0616289080277895, 0.24939976415725743], "NTHU": [-0.12927792571294397, 0.24940001987356117], "data_points": [42594, 1.0], "UFC": [-0.10316652054434633, 0.24939997130451083], "IPN": [-0.3717541620526469, 0.24939997899366464], "PKU": [0.10952253220499891, 0.24939994925914064], "CUUI": [0.14235031159200465, 0.24940002572757763], "SJTU": [-0.1068453756247583, 0.24940002235514966], "UMC": [-0.07502789929662645, 0.24939999382852004], "INPUT": [-0.09579612604301768, 0.24940006875286116], "CAMB": [0.29440569792842325, 0.24939988835434823], "POST": [0.029479805760758537, 0.24939999140283384], "AMU": [0.3617121839447603, 0.24939995299897755]}