{"IITB": [-0.09613422537062094, 0.24940050250923076], "RAC": [0.11990679014743774, 0.24940050043627413], "NTHU": [-0.1507152895178789, 0.2494004726171519], "data_points": [42594, 1.0], "UFC": [-0.08942946944168298, 0.24940042485484626], "IPN": [-0.39553415886834054, 0.24940053693736108], "PKU": [0.07703342792523321, 0.24940052796437354], "CUUI": [0.1403375711413463, 0.24940051681449824], "SJTU": [-0.12024621839212798, 0.24940023464830272], "UMC": [-0.05659660662229747, 0.24940019821009757], "INPUT": [-0.11052911573471878, 0.24940043904551992], "CAMB": [0.3031055065511466, 0.24940051194512616], "POST": [0.053929023637972015, 0.2494005185468942], "AMU": [0.3248727936128246, 0.24940052333822746]}