{"IITB": [-0.0984732856356403, 0.24939955593779925], "RAC": [0.14402378467277963, 0.24939968477890823], "NTHU": [-0.16344333259928737, 0.2493996369909423], "data_points": [42594, 1.0], "UFC": [-0.08441123889427718, 0.24939973740095298], "IPN": [-0.37945357789792933, 0.24939963835962572], "PKU": [0.06564713224232228, 0.24939979862219913], "CUUI": [0.10885690064001599, 0.24939970711117715], "SJTU": [-0.12392886950345651, 0.24939953664609815], "UMC": [-0.057938320897778055, 0.24939976524477403], "INPUT": [-0.08340692403552621, 0.2493997752535346], "CAMB": [0.32085726794106273, 0.24939970167759917], "POST": [0.041199236219592594, 0.24939974406595544], "AMU": [0.3104712495821273, 0.2493996905698868]}