{"IITB": [-0.06397291545316264, 0.24939953286521485], "RAC": [0.1232553687513637, 0.2493997340243596], "NTHU": [-0.14870024665207385, 0.2493996609386957], "data_points": [42594, 1.0], "UFC": [-0.0880950849779004, 0.2493995697300965], "IPN": [-0.40155490097905105, 0.24939964334541848], "PKU": [0.06699157073913665, 0.24939968356201123], "CUUI": [0.1413382996232718, 0.24939971485046608], "SJTU": [-0.11354465653937003, 0.24939972606441266], "UMC": [-0.08507284326622751, 0.249399740431311], "INPUT": [-0.07972023174338871, 0.24939976535505584], "CAMB": [0.3054445771571673, 0.24939973381853944], "POST": [0.07134446303582599, 0.2493997610530384], "AMU": [0.2722866679522226, 0.24939976368803685]}