{"IITB": [-0.09713681380756368, 0.2493995688023367], "RAC": [0.14134787394990828, 0.24939952004224594], "NTHU": [-0.11722943537411833, 0.24939959980577403], "data_points": [42594, 1.0], "UFC": [-0.09445672669881265, 0.24939946482770448], "IPN": [-0.38079057285615925, 0.24939954092554517], "PKU": [0.06397221270129957, 0.2493995569047511], "CUUI": [0.16378206097305642, 0.24939947437534268], "SJTU": [-0.11689345470550709, 0.24939941235306196], "UMC": [-0.07837546138936936, 0.24939951974276117], "INPUT": [-0.12292277076735122, 0.24939940543046604], "CAMB": [0.2947349890012965, 0.24939956221595316], "POST": [0.04622341796023912, 0.2493995261220702], "AMU": [0.2977447149064252, 0.24939954130953731]}