{"IITB": [-0.1008243911811901, 0.24940046596260862], "RAC": [0.08876141211261278, 0.24940061805496203], "NTHU": [-0.1567439236079652, 0.24940061964205928], "data_points": [42594, 1.0], "UFC": [-0.0897661888565091, 0.2494005815558802], "IPN": [-0.38849525862750306, 0.2494005010058516], "PKU": [0.07435712895928799, 0.24940058840163043], "CUUI": [0.1406756185380319, 0.2494006131429818], "SJTU": [-0.09981387839717441, 0.24940048420312344], "UMC": [-0.06498035528895373, 0.24940055220785248], "INPUT": [-0.10483799879514268, 0.2493996652294206], "CAMB": [0.2930613062607255, 0.2494006220354874], "POST": [0.08540906780238108, 0.2494005428047484], "AMU": [0.32319748996795244, 0.2494006366425957]}