{"IITB": [-0.08809144105200979, 0.24940018028821467], "RAC": [0.13397450882023657, 0.24940011090590436], "NTHU": [-0.12593633359736556, 0.24940016039380855], "data_points": [42594, 1.0], "UFC": [-0.07770206435294329, 0.24939998193435403], "IPN": [-0.3801192561730178, 0.24940015120073966], "PKU": [0.07569331972527009, 0.24940021610772253], "CUUI": [0.1199052085999093, 0.24940021635417164], "SJTU": [-0.09981100109821656, 0.24940009915803843], "UMC": [-0.10449559015423895, 0.24940016903564394], "INPUT": [-0.07134434851190476, 0.24940016239398963], "CAMB": [0.28903621626698656, 0.2494002344024089], "POST": [0.015072901813968637, 0.2494001940308211], "AMU": [0.31381790967426343, 0.24940017127516112]}