{"IITB": [-0.10450324101376784, 0.24940048653952004], "RAC": [0.09813561399617346, 0.24940040412831652], "NTHU": [-0.13999951855415, 0.24940030757780068], "data_points": [42594, 1.0], "UFC": [-0.0716764334135887, 0.2494004341108924], "IPN": [-0.40389913732629085, 0.24940049728771368], "PKU": [0.1095222488340711, 0.24940050562826283], "CUUI": [0.12392809943106577, 0.24940051343827863], "SJTU": [-0.10718254066311463, 0.24940045208033068], "UMC": [-0.06665378668926293, 0.24940045152897236], "INPUT": [-0.08909715844748053, 0.24940041469027308], "CAMB": [0.2940620184215907, 0.24940032870993767], "POST": [0.0378471064894675, 0.24940034768053546], "AMU": [0.3195167478944303, 0.24940041250997477]}