{"IITB": [-0.11153763393980962, 0.24940045261885327], "RAC": [0.0706763193671122, 0.24940057477163097], "NTHU": [-0.12459268752704948, 0.24940058284864666], "data_points": [42594, 1.0], "UFC": [-0.0683284204244617, 0.24940052946937138], "IPN": [-0.38012421265076207, 0.24940062509965633], "PKU": [0.08205878814727643, 0.24940034251816148], "CUUI": [0.13297270112971651, 0.249400581859227], "SJTU": [-0.11957094430719153, 0.24940060245270387], "UMC": [-0.08004980290037153, 0.24940037775531196], "INPUT": [-0.06565336767802472, 0.24940059199537187], "CAMB": [0.3104689436179352, 0.24940059830750805], "POST": [0.05526568000406406, 0.24940042557789768], "AMU": [0.2984146556191096, 0.2494005538720103]}