{"IITB": [-0.08977245466736278, 0.24940021810854976], "RAC": [0.10517103459692903, 0.24940039642762088], "NTHU": [-0.14536179786401204, 0.2494002779190657], "data_points": [42594, 1.0], "UFC": [-0.09311671745815224, 0.24940017888667174], "IPN": [-0.3787882778929724, 0.24940032841568274], "PKU": [0.050912661899788936, 0.24940033716318746], "CUUI": [0.11421581326082006, 0.2494003784680178], "SJTU": [-0.08775414405893735, 0.24940021850372981], "UMC": [-0.07670416677174785, 0.24940028269257528], "INPUT": [-0.12124772774277431, 0.2494000472705298], "CAMB": [0.3278958338892521, 0.24940034116819804], "POST": [0.05360218450862916, 0.2494003876147149], "AMU": [0.340947825765355, 0.24940029439775013]}