{"IITB": [-0.0981366910125811, 0.2493990484648339], "RAC": [0.1145516302880916, 0.249399102301379], "NTHU": [-0.14636000872505467, 0.2493990517718255], "data_points": [42594, 1.0], "UFC": [-0.1118737599394669, 0.24939906675854212], "IPN": [-0.34094098175805576, 0.24939902785621018], "PKU": [0.05493620915099118, 0.24939885713893636], "CUUI": [0.13866088935320026, 0.24939902212205156], "SJTU": [-0.13699480935479152, 0.24939907239640072], "UMC": [-0.07100667786492967, 0.24939904345512362], "INPUT": [-0.0924493717738551, 0.24939900376013274], "CAMB": [0.33157312022738383, 0.24939909815197359], "POST": [0.03483636664530486, 0.24939905432560613], "AMU": [0.3232041400846991, 0.2493991089014012]}