{"IITB": [-0.08440534798894904, 0.24939988676816008], "RAC": [0.14502476599961786, 0.2493999669835897], "NTHU": [-0.16243332450344497, 0.24939984179313038], "data_points": [42594, 1.0], "UFC": [-0.08306654319189433, 0.24939995175485483], "IPN": [-0.3640475525988543, 0.24939998853610051], "PKU": [0.04521757999928787, 0.24939993375850358], "CUUI": [0.1112008308192026, 0.2494000025349787], "SJTU": [-0.09880224551041421, 0.24939993561206752], "UMC": [-0.08976350846094763, 0.2493997405847655], "INPUT": [-0.10684843318388464, 0.2493998446879299], "CAMB": [0.3275465843174025, 0.24939995709187726], "POST": [0.033497073231939956, 0.2493999269197758], "AMU": [0.3268801558790836, 0.24939991752512278]}