{"IITB": [-0.09746875113265609, 0.2494003899671663], "RAC": [0.09311835196011188, 0.24940050432328037], "NTHU": [-0.15004587393169144, 0.24940053942436508], "data_points": [42594, 1.0], "UFC": [-0.08071912186943296, 0.24940052202805243], "IPN": [-0.3590239448792008, 0.24940041148746878], "PKU": [0.07737014233565528, 0.24940044499784095], "CUUI": [0.11890405181182169, 0.24940049948672588], "SJTU": [-0.12426890408180849, 0.24940031030595458], "UMC": [-0.07736989831386822, 0.2494004229029828], "INPUT": [-0.10216270423989295, 0.2494005199495813], "CAMB": [0.3436259283674141, 0.24940053953848867], "POST": [0.0679946653316597, 0.2494005424534462], "AMU": [0.29004611249029316, 0.24940049223274402]}