{"IITB": [-0.0880911603999992, 0.24939974290254197], "RAC": [0.10851812501243732, 0.24939964091882164], "NTHU": [-0.1272744409480657, 0.2493997037003251], "data_points": [42594, 1.0], "UFC": [-0.08674991895791681, 0.2493997362524544], "IPN": [-0.37978990048309486, 0.24939976067101174], "PKU": [0.07435467993699281, 0.24939974431356754], "CUUI": [0.122259027840425, 0.24939965751949397], "SJTU": [-0.11890388297469418, 0.24939973018199776], "UMC": [-0.05023646165487712, 0.2493994784186306], "INPUT": [-0.1249382231640547, 0.2493997476196024], "CAMB": [0.3352538122954834, 0.2493997355659385], "POST": [0.05124930761481521, 0.2493996508213743], "AMU": [0.28434908476998627, 0.24939970101804604]}