{"IITB": [-0.0954591933456281, 0.2494003488278591], "RAC": [0.13129743411541517, 0.2494002470044147], "NTHU": [-0.11755503570632775, 0.24940030850554643], "data_points": [42594, 1.0], "UFC": [-0.04287453485342405, 0.2494004102115464], "IPN": [-0.41394917399152464, 0.24940042820959243], "PKU": [0.0626322192578375, 0.2494003967215026], "CUUI": [0.15373465242444578, 0.24940040027753918], "SJTU": [-0.10048714981070275, 0.24940043906147125], "UMC": [-0.09545939080953408, 0.24940039122949256], "INPUT": [-0.1004882933893377, 0.2494002483561662], "CAMB": [0.30544940020878103, 0.24940040902986269], "POST": [0.029809505731178017, 0.2494004518256925], "AMU": [0.2833496245063063, 0.24940031660009707]}