{"IITB": [-0.12091652081932638, 0.24939962642025368], "RAC": [0.1286052726237216, 0.2493997711180092], "NTHU": [-0.17148362134213876, 0.24939978230483262], "data_points": [42594, 1.0], "UFC": [-0.07536784054610668, 0.24939964765708875], "IPN": [-0.4042339653659325, 0.24939980372594192], "PKU": [0.06598502793634398, 0.24939963933562645], "CUUI": [0.1590932949267214, 0.2493998374272484], "SJTU": [-0.0971356497359343, 0.2493998223016176], "UMC": [-0.032826619610783155, 0.2493998380985594], "INPUT": [-0.11220291004388984, 0.2493995158996612], "CAMB": [0.29975815344940304, 0.2493997807872874], "POST": [0.04053738331747402, 0.2493997500985828], "AMU": [0.3201880284110916, 0.24939980227433917]}