{"IITB": [-0.10685266134827105, 0.2494002127046302], "RAC": [0.11052736590671987, 0.24940018423265517], "NTHU": [-0.1523916197068079, 0.24940028088182448], "data_points": [42594, 1.0], "UFC": [-0.06866638263078885, 0.24940019052689502], "IPN": [-0.36036684349659637, 0.24940022526220837], "PKU": [0.09713403512122283, 0.24940017926313268], "CUUI": [0.12727707287200724, 0.2494001823253117], "SJTU": [-0.10885182181128565, 0.24939990560523034], "UMC": [-0.07100657921228906, 0.2494001125112814], "INPUT": [-0.10584358453508577, 0.249400274124404], "CAMB": [0.2649269766517843, 0.24940009107483604], "POST": [0.04622474929643866, 0.24940016036322402], "AMU": [0.3278892993197218, 0.24940028191443914]}