{"IITB": [-0.09646600901291064, 0.24940066194022598], "RAC": [0.10985887675686992, 0.24940067555660053], "NTHU": [-0.16444654937655606, 0.24940063174949784], "data_points": [42594, 1.0], "UFC": [-0.08574643838084862, 0.24940033715756102], "IPN": [-0.3928491016944699, 0.24940055648594722], "PKU": [0.07167823511887945, 0.2494005665894176], "CUUI": [0.16780415537820514, 0.2494005776848108], "SJTU": [-0.11991550251220852, 0.24940049544821288], "UMC": [-0.07033298311657833, 0.24940067123649076], "INPUT": [-0.08340481773871251, 0.24940060191233596], "CAMB": [0.3151612367474993, 0.24940063977395655], "POST": [0.04153558687676519, 0.249400632121903], "AMU": [0.3071233683348976, 0.24940061315007636]}