{"IITB": [-0.11689856969454995, 0.2494006394783124], "RAC": [0.1319697774435116, 0.24940072783067818], "NTHU": [-0.14770417809248898, 0.2494006834828485], "data_points": [42594, 1.0], "UFC": [-0.09278175623394959, 0.24940036166359725], "IPN": [-0.393189664031569, 0.24940075653856136], "PKU": [0.052925549087273996, 0.24940066615559509], "CUUI": [0.11756576721057327, 0.24940073151031678], "SJTU": [-0.108190856888703, 0.24940074972590687], "UMC": [-0.0401956666845367, 0.2494007229819113], "INPUT": [-0.12124872583959587, 0.24940078962859122], "CAMB": [0.3151689333915609, 0.24940073931500956], "POST": [0.06430731871302015, 0.24940075613074766], "AMU": [0.3382720761177848, 0.2494007983292746]}