{"IITB": [-0.0978046305931485, 0.24939996253038038], "RAC": [0.08507496258777261, 0.24940002385106413], "NTHU": [-0.15474052173087532, 0.24939996356074595], "data_points": [42594, 1.0], "UFC": [-0.08407230727189041, 0.2494000026162252], "IPN": [-0.3312286099593429, 0.24940003701992536], "PKU": [0.0934441296016478, 0.2494000008916027], "CUUI": [0.174168430235121, 0.2494000268205531], "SJTU": [-0.09981161519359542, 0.24939999727862547], "UMC": [-0.0756974411421129, 0.2493999850764535], "INPUT": [-0.11153973759865266, 0.2493999289155902], "CAMB": [0.2897150895513718, 0.24939997659060922], "POST": [0.010722610037844221, 0.24940006089773709], "AMU": [0.301769695323874, 0.24939968395511175]}