{"IITB": [-0.12526874433187626, 0.2494004542085506], "RAC": [0.11153327446910126, 0.24940031303797672], "NTHU": [-0.13363993671711094, 0.24940053405569818], "data_points": [42594, 1.0], "UFC": [-0.04957776170394954, 0.24940048387355016], "IPN": [-0.36136645977041665, 0.24940043852229007], "PKU": [0.08942865914666757, 0.24940047921216954], "CUUI": [0.16076851210337714, 0.24940054627285932], "SJTU": [-0.1410086573781103, 0.24940049439182116], "UMC": [-0.09344633645932696, 0.24940054005186363], "INPUT": [-0.09546346492272838, 0.2494003510001118], "CAMB": [0.28468783377093676, 0.24940043436650014], "POST": [0.046227313578256456, 0.24940051744985214], "AMU": [0.3071258236797659, 0.24940049368194295]}