{"IITB": [-0.09512036183039384, 0.2494000341949258], "RAC": [0.11119970882358451, 0.24939966719092607], "NTHU": [-0.1533908322892179, 0.24940005044220573], "data_points": [42594, 1.0], "UFC": [-0.07402569530014541, 0.2494000477685625], "IPN": [-0.39117155055149644, 0.24940002281407067], "PKU": [0.05693433066736735, 0.24940004943601807], "CUUI": [0.1761782791842877, 0.2493999945980599], "SJTU": [-0.10517463356775704, 0.24940001705959766], "UMC": [-0.1004811566016946, 0.2494000198777709], "INPUT": [-0.07905175865834582, 0.24939997537091382], "CAMB": [0.2830077186386869, 0.24940007200803416], "POST": [0.055601887733326354, 0.24939997648524906], "AMU": [0.31549410780714443, 0.24939996030243805]}