{"IITB": [-0.05862119699108462, 0.2493998985830708], "RAC": [0.1068432353252528, 0.2493998127644572], "NTHU": [-0.1537301190906419, 0.24939991494106503], "data_points": [42594, 1.0], "UFC": [-0.09211304630121785, 0.2493995957180668], "IPN": [-0.38447452158631257, 0.2493998343509535], "PKU": [0.0810545634518372, 0.2493998523184731], "CUUI": [0.16880540224160795, 0.24939986911457307], "SJTU": [-0.10416366563143262, 0.24939982773127048], "UMC": [-0.08239772466488293, 0.24939978581429323], "INPUT": [-0.11354476053450922, 0.24939966968547278], "CAMB": [0.2913869352126302, 0.24939983515903938], "POST": [0.03115422957949224, 0.24939992579820008], "AMU": [0.30980070861770836, 0.2493999030272646]}