{"IITB": [-0.10986553399106692, 0.24939931156877027], "RAC": [0.12124590463217304, 0.24939927976517345], "NTHU": [-0.1537368058813683, 0.24939927441200685], "data_points": [42594, 1.0], "UFC": [-0.06297304664175177, 0.24939925901746324], "IPN": [-0.3985465645641533, 0.24939924180148396], "PKU": [0.06632357498125659, 0.24939937207276935], "CUUI": [0.1657939856377207, 0.24939919668488555], "SJTU": [-0.09445394296177029, 0.2493993351986489], "UMC": [-0.08473487444102999, 0.2493992614656337], "INPUT": [-0.1004847839757488, 0.24939926758664563], "CAMB": [0.2689442302242293, 0.24939928164403102], "POST": [0.05794817442640486, 0.24939923753815282], "AMU": [0.32453971020699507, 0.24939933641781187]}