{"IITB": [-0.08039024767805619, 0.24940011390682212], "RAC": [0.10316210490490013, 0.2493999918442949], "NTHU": [-0.141339432718297, 0.24940012178515877], "data_points": [42594, 1.0], "UFC": [-0.08709082851234677, 0.2494001637358017], "IPN": [-0.4002189771417925, 0.24940013690052987], "PKU": [0.09479194024296939, 0.24940012850007404], "CUUI": [0.1363224997956981, 0.24940012095721462], "SJTU": [-0.08038977029862772, 0.2494000749310469], "UMC": [-0.081051853469661, 0.2494001669148965], "INPUT": [-0.12460223398228276, 0.24939999753859157], "CAMB": [0.30344111573275856, 0.24940013199861413], "POST": [0.04856647653393919, 0.2494001594600811], "AMU": [0.3087992513092096, 0.24940009862310386]}