{"IITB": [-0.13431116659325854, 0.24939968929389397], "RAC": [0.11187132701489429, 0.24939965169173045], "NTHU": [-0.16779719141431243, 0.24939966003427458], "data_points": [42594, 1.0], "UFC": [-0.10819151588736248, 0.2493995829683109], "IPN": [-0.34965294349925674, 0.24939966199699456], "PKU": [0.08272838771692123, 0.24939969780470247], "CUUI": [0.14034239760389983, 0.24939947353665196], "SJTU": [-0.10216082478782801, 0.2493996871222368], "UMC": [-0.07335068675190184, 0.24939972201482624], "INPUT": [-0.08776178715442154, 0.2493996271478875], "CAMB": [0.31383022714193565, 0.2493995791839191], "POST": [0.05594231788661155, 0.24939970083926635], "AMU": [0.31851146790583534, 0.24939977112028466]}