{"IITB": [-0.0884271507939218, 0.24940001661730088], "RAC": [0.09411802988419686, 0.249400068150051], "NTHU": [-0.17583254672676338, 0.24940000877234234], "data_points": [42594, 1.0], "UFC": [-0.07837999598356121, 0.24940001663498973], "IPN": [-0.40256023605402114, 0.24940005154623976], "PKU": [0.05660605922398558, 0.24940003776219194], "CUUI": [0.1477040642771144, 0.2493999566493798], "SJTU": [-0.12292388057220117, 0.2493998302341914], "UMC": [-0.04957276957711403, 0.2494000954239978], "INPUT": [-0.11957748974758742, 0.24939994912876798], "CAMB": [0.3268837219123516, 0.24940003745427675], "POST": [0.06967451139858691, 0.24940009147680728], "AMU": [0.3422877406066297, 0.24939996569589737]}