{"IITB": [-0.11623325859941451, 0.249399362498029], "RAC": [0.0897640253234121, 0.24939959325536998], "NTHU": [-0.13865542267484401, 0.24939958054171033], "data_points": [42594, 1.0], "UFC": [-0.04455120944931453, 0.2493995415260913], "IPN": [-0.3754349654628217, 0.24939958835559659], "PKU": [0.058280283558879084, 0.24939950444401573], "CUUI": [0.11421633287535374, 0.24939952322691164], "SJTU": [-0.1323030058119256, 0.24939960709567074], "UMC": [-0.07134174764781007, 0.2493995405185379], "INPUT": [-0.11923541041124262, 0.24939961440699188], "CAMB": [0.3325807352816507, 0.2493994365924214], "POST": [0.05962153168276818, 0.24939961498304086], "AMU": [0.3432921455724224, 0.24939953827526967]}