{"IITB": [-0.10584690890164282, 0.2493998456758815], "RAC": [0.11857424215075121, 0.24939993517389902], "NTHU": [-0.12123881436098218, 0.24939982231422486], "data_points": [42594, 1.0], "UFC": [-0.08239976797576748, 0.24939989541568408], "IPN": [-0.3643871590935914, 0.24939988128391608], "PKU": [0.07602826787724491, 0.24939979767048917], "CUUI": [0.13900058603113352, 0.24939988258593604], "SJTU": [-0.1584251927045697, 0.24939978063845655], "UMC": [-0.058950463507857744, 0.24939992227021346], "INPUT": [-0.09512917429582551, 0.2493998759385225], "CAMB": [0.2927262633363159, 0.24939993481091835], "POST": [0.05761147172117196, 0.2493999160556871], "AMU": [0.30243668659289985, 0.24939987641172115]}