{"IITB": [-0.10383655321656413, 0.24939934583024834], "RAC": [0.09478947778368463, 0.2493996009933944], "NTHU": [-0.14468918911265644, 0.24939963491001005], "data_points": [42594, 1.0], "UFC": [-0.05995551082149822, 0.24939950010127054], "IPN": [-0.3861534235614757, 0.2493996343211193], "PKU": [0.05861484755334296, 0.24939953772463852], "CUUI": [0.18957185584090924, 0.24939960777405484], "SJTU": [-0.15440991976322604, 0.24939961399289243], "UMC": [-0.0840689943483945, 0.2493995230025504], "INPUT": [-0.07703173255600589, 0.24939957497674634], "CAMB": [0.29272290604913087, 0.24939950611089418], "POST": [0.049236921031410766, 0.24939963153523412], "AMU": [0.3252093141168029, 0.24939956775147365]}