{"IITB": [-0.09948019564516791, 0.24939982721587614], "RAC": [0.10583711226112015, 0.24939994387982378], "NTHU": [-0.1533900903939249, 0.24939990104536722], "data_points": [42594, 1.0], "UFC": [-0.09210690280508224, 0.24939974303172874], "IPN": [-0.3365862421738803, 0.24939982712881045], "PKU": [0.039183831634360344, 0.24939992295279145], "CUUI": [0.13028710804853091, 0.24939995610772028], "SJTU": [-0.09847424695536015, 0.24939975503062664], "UMC": [-0.061957267477430245, 0.24939949888141835], "INPUT": [-0.0880960841470834, 0.2493998941949042], "CAMB": [0.3352561789672702, 0.24939994980458816], "POST": [0.03081965099298002, 0.24939989390210313], "AMU": [0.2887071488629406, 0.24939984245573094]}