{"IITB": [-0.10885553664682669, 0.24939994895269815], "RAC": [0.10383598544877981, 0.24940018182603368], "NTHU": [-0.12125255596740372, 0.24940011718595176], "data_points": [42594, 1.0], "UFC": [-0.09680194611915946, 0.249400151929496], "IPN": [-0.38615405634989025, 0.24940001505345666], "PKU": [0.06364217104077295, 0.24940006048968788], "CUUI": [0.17450751963223973, 0.24940004324218412], "SJTU": [-0.1292894204829761, 0.24940017331828804], "UMC": [-0.0957924755633228, 0.2494000608266536], "INPUT": [-0.0958042047723665, 0.24940018325435528], "CAMB": [0.29004775938891386, 0.24940017257636216], "POST": [0.08273257995399798, 0.24940003863362828], "AMU": [0.31918424481588165, 0.24940008509226866]}