{"IITB": [-0.0924482818510962, 0.2494011098463532], "RAC": [0.10550928220020095, 0.2494013413857344], "NTHU": [-0.11856183732915532, 0.24940130977742286], "data_points": [42594, 1.0], "UFC": [-0.08876567633105402, 0.24940128607689757], "IPN": [-0.3972052361418714, 0.24940102941860032], "PKU": [0.08976583275570593, 0.24940129405772132], "CUUI": [0.16479245533372663, 0.24940128908816878], "SJTU": [-0.12995792943756246, 0.24940129854073773], "UMC": [-0.07268720370479664, 0.24940118931014685], "INPUT": [-0.131971571355421, 0.24940125942932242], "CAMB": [0.31817962050650783, 0.24940130488168533], "POST": [0.03114984698932571, 0.24940121156751938], "AMU": [0.3222007493011123, 0.24940132865745743]}