{"IITB": [-0.09479511970155309, 0.24940105480673178], "RAC": [0.11422248374418457, 0.249400912865358], "NTHU": [-0.1728243094106358, 0.2494011135997188], "data_points": [42594, 1.0], "UFC": [-0.0931189054506377, 0.24940084150731656], "IPN": [-0.4102694717703546, 0.24940115865303192], "PKU": [0.05626691311726748, 0.24940099106892827], "CUUI": [0.1289548081681473, 0.24940114485474207], "SJTU": [-0.11488859154301181, 0.24940106573172618], "UMC": [-0.054260682677065984, 0.2494010778626817], "INPUT": [-0.0978119098344313, 0.24940113142923828], "CAMB": [0.32622259294977596, 0.24940113678365397], "POST": [0.06364444599176769, 0.24940110464340803], "AMU": [0.348657808899119, 0.24940118288420215]}