{"IITB": [-0.09747294700630309, 0.24939971924972362], "RAC": [0.12292343773933515, 0.24939979821844388], "NTHU": [-0.14233690431124238, 0.24939983722990516], "data_points": [42594, 1.0], "UFC": [-0.08943374369972512, 0.24939991844091564], "IPN": [-0.42097843164224213, 0.24939984748832192], "PKU": [0.07568880547155792, 0.24939988096044513], "CUUI": [0.14368880250637406, 0.2493999153745297], "SJTU": [-0.08976551559665974, 0.24939989546684466], "UMC": [-0.06966503508564749, 0.24939996995658648], "INPUT": [-0.09713510947967319, 0.24939993014186373], "CAMB": [0.3185119950451912, 0.2493999538677474], "POST": [0.03315751196856553, 0.2493998763002131], "AMU": [0.3128171583000558, 0.24939994489624467]}