{"IITB": [-0.09177912245624541, 0.24939960765388702], "RAC": [0.06163037761055762, 0.249399670903953], "NTHU": [-0.10650912400699665, 0.24939969513090063], "data_points": [42594, 1.0], "UFC": [-0.059289471305007176, 0.24939971203451636], "IPN": [-0.38447627543595747, 0.24939976691190396], "PKU": [0.08105347761840663, 0.24939940047365264], "CUUI": [0.13163191829735935, 0.24939970948945947], "SJTU": [-0.1142129038001608, 0.24939948770653578], "UMC": [-0.09075977057375284, 0.24939975487179739], "INPUT": [-0.0911045765980327, 0.24939973926085576], "CAMB": [0.313148330732344, 0.24939964139039172], "POST": [0.07636783951428515, 0.24939967561364182], "AMU": [0.27429933113107946, 0.24939964028132017]}