{"IITB": [-0.11689464900506304, 0.24939993784330164], "RAC": [0.09713328595853231, 0.24939969285968], "NTHU": [-0.1269379751089272, 0.2493995881170302], "data_points": [42594, 1.0], "UFC": [-0.0743602866906487, 0.24939985848115562], "IPN": [-0.3761056940442036, 0.24939983736989463], "PKU": [0.04287143487019976, 0.2493999149179215], "CUUI": [0.1289495730608145, 0.24939992352104612], "SJTU": [-0.12593416936515173, 0.2493998439815993], "UMC": [-0.046552421928826866, 0.24939988031669016], "INPUT": [-0.09915461749936721, 0.24939987593276264], "CAMB": [0.3168401072531113, 0.24939988098993218], "POST": [0.0549347355514329, 0.2493998359513084], "AMU": [0.3252107220472771, 0.24939988842048458]}