{"IITB": [-0.11086250623880234, 0.24940022371126733], "RAC": [0.07837816338233987, 0.2494001580014118], "NTHU": [-0.15942625594768217, 0.24940013503700634], "data_points": [42594, 1.0], "UFC": [-0.07302762453105717, 0.24940025669328778], "IPN": [-0.35668252100621434, 0.24940021952140204], "PKU": [0.10751195017606871, 0.24940015026790302], "CUUI": [0.14402584404353405, 0.2494002278713644], "SJTU": [-0.12392277407429454, 0.2494002771667197], "UMC": [-0.06262790724779543, 0.24940012887545152], "INPUT": [-0.11321323118486519, 0.24940017458109684], "CAMB": [0.2994221006415353, 0.24940021394543407], "POST": [0.06430711791982344, 0.24940023391722826], "AMU": [0.30611769221708884, 0.2494002912995548]}