{"IITB": [-0.1058425367872784, 0.24939922655261518], "RAC": [0.11187010828255248, 0.2493993249382848], "NTHU": [-0.14066927335921225, 0.24939922367259884], "data_points": [42594, 1.0], "UFC": [-0.06900316100877041, 0.2493993260400064], "IPN": [-0.3727592971929581, 0.24939932625959235], "PKU": [0.06699436429090265, 0.24939923113478601], "CUUI": [0.1617693612549454, 0.2493992900957095], "SJTU": [-0.08842435666101095, 0.24939911020694705], "UMC": [-0.0780367657216981, 0.24939927447124793], "INPUT": [-0.11823778962757764, 0.24939927976522658], "CAMB": [0.2830121484464067, 0.24939907204998885], "POST": [0.03918712679720149, 0.2493993193331615], "AMU": [0.3101401129111047, 0.24939923933308453]}