{"IITB": [-0.11991188607569143, 0.24940001488869185], "RAC": [0.11354384879605633, 0.24939996913853535], "NTHU": [-0.12124690741307595, 0.24940001122563607], "data_points": [42594, 1.0], "UFC": [-0.0860795016142791, 0.24939992892980695], "IPN": [-0.38548195598286294, 0.24939999126930082], "PKU": [0.06598149172264861, 0.24939981454849566], "CUUI": [0.15106098674992316, 0.2493999826337499], "SJTU": [-0.09043584787173983, 0.24939995598067932], "UMC": [-0.08339961015142949, 0.24939998172351324], "INPUT": [-0.09647320438171561, 0.24939992551669876], "CAMB": [0.2863669662340873, 0.2493999441489121], "POST": [0.04957323733098491, 0.24940000251472966], "AMU": [0.31650240366685367, 0.2493997211624408]}