{"IITB": [-0.11455771982285545, 0.2493998717332397], "RAC": [0.09043139803630335, 0.24939981164517008], "NTHU": [-0.1456902984096556, 0.24939977185627715], "data_points": [42594, 1.0], "UFC": [-0.06363735782840599, 0.24939983465495952], "IPN": [-0.33759381915946973, 0.24939954497913505], "PKU": [0.06766231938101668, 0.2493996682734225], "CUUI": [0.16612771986589928, 0.24939977550266867], "SJTU": [-0.11689230393881556, 0.24939984719918845], "UMC": [-0.09042979302872618, 0.24939981425534513], "INPUT": [-0.09680602782359914, 0.2493996997004789], "CAMB": [0.3054563616269743, 0.24939979646225488], "POST": [0.03382856402282562, 0.24939984980078903], "AMU": [0.3021009875903789, 0.24939979357614572]}