{"IITB": [-0.10349505503936596, 0.24940048129252823], "RAC": [0.11488412848312343, 0.2494005147765962], "NTHU": [-0.13196308121624176, 0.2494004597939685], "data_points": [42594, 1.0], "UFC": [-0.07502760791226609, 0.24940049060323047], "IPN": [-0.40490410077309735, 0.24940055472077285], "PKU": [0.054257614470683016, 0.24940055613957196], "CUUI": [0.1296224554320466, 0.24940042131283938], "SJTU": [-0.1209061281241225, 0.24940048781644567], "UMC": [-0.0927754025428739, 0.2494005101622031], "INPUT": [-0.09713840533651992, 0.24940040661142832], "CAMB": [0.3432903868141533, 0.2494005263988508], "POST": [0.019096707117809152, 0.24940012708993614], "AMU": [0.3650585395421152, 0.24940049183942936]}