{"IITB": [-0.11354594581555622, 0.2493996176006008], "RAC": [0.12460149397652923, 0.24939977516079573], "NTHU": [-0.16445123884189683, 0.24939966181424986], "data_points": [42594, 1.0], "UFC": [-0.057614073832413355, 0.24939976548561593], "IPN": [-0.4045739527254546, 0.24939972684059294], "PKU": [0.08206183774023541, 0.24939967394229598], "CUUI": [0.13263782242593336, 0.24939913331230193], "SJTU": [-0.11790279118200399, 0.24939970342169962], "UMC": [-0.036846649678809545, 0.24939977057260804], "INPUT": [-0.09512884231379194, 0.24939966189410573], "CAMB": [0.3369293857083289, 0.24939967608843616], "POST": [0.049578323743140945, 0.24939968013055727], "AMU": [0.2642546595515488, 0.249399717808298]}