{"IITB": [-0.09680252275821795, 0.24939969753786287], "RAC": [0.10784736604977718, 0.2493996020489648], "NTHU": [-0.1497109086531853, 0.24939964469328518], "data_points": [42594, 1.0], "UFC": [-0.052256710115414384, 0.2493995917948425], "IPN": [-0.37208849265098437, 0.24939969868589168], "PKU": [0.0733511052417368, 0.2493996934579165], "CUUI": [0.13163429360737147, 0.24939960985794574], "SJTU": [-0.09947171473001958, 0.24939960249101378], "UMC": [-0.10181861880911369, 0.24939963696155393], "INPUT": [-0.10986104181685181, 0.24939954949255996], "CAMB": [0.3265486058668845, 0.24939966173033787], "POST": [0.016751816095534323, 0.24939952865025725], "AMU": [0.32587685411376727, 0.24939963729318265]}