{"IITB": [-0.10852303089988401, 0.24940003818902093], "RAC": [0.0921105391876078, 0.24939989310188496], "NTHU": [-0.1490436593491187, 0.24940006416783794], "data_points": [42594, 1.0], "UFC": [-0.10885682840658863, 0.24940003092058768], "IPN": [-0.33592144736322344, 0.24940001364983463], "PKU": [0.07402762418911059, 0.24940005924688793], "CUUI": [0.12560150882151833, 0.24940006666901332], "SJTU": [-0.11488686370083284, 0.24940007871795924], "UMC": [-0.057279095911087166, 0.24939998386856682], "INPUT": [-0.12225216406731772, 0.24940000310977392], "CAMB": [0.34262669802276224, 0.24940007315134025], "POST": [0.0422091496255746, 0.24940007613362375], "AMU": [0.3201876261911989, 0.24939997360426105]}