{"IITB": [-0.11019240876163365, 0.24939996386336377], "RAC": [0.0753611102074415, 0.2493998712520293], "NTHU": [-0.16746172108593446, 0.24939994457442052], "data_points": [42594, 1.0], "UFC": [-0.08775407431298494, 0.24939994308866614], "IPN": [-0.38213270432406726, 0.24939996952178337], "PKU": [0.10684341197625137, 0.24940000085478164], "CUUI": [0.1376588576737313, 0.24939995438936405], "SJTU": [-0.10952237474607761, 0.24939991197670427], "UMC": [-0.04086203440872869, 0.24939989817325553], "INPUT": [-0.09546626693480267, 0.24939991595877634], "CAMB": [0.28635843575719944, 0.2493999808936752], "POST": [0.07301716378053658, 0.24939983602590407], "AMU": [0.31415266697975003, 0.2493999365997075]}