{"IITB": [-0.11521876106486045, 0.2494003869590924], "RAC": [0.09914326391712562, 0.24940021460803388], "NTHU": [-0.17281684258494834, 0.24940033849195678], "data_points": [42594, 1.0], "UFC": [-0.083070926060419, 0.24940032172498097], "IPN": [-0.34964729457891, 0.249400357120787], "PKU": [0.09411247684082594, 0.24940034944569073], "CUUI": [0.17249614205889463, 0.24940019041053493], "SJTU": [-0.11053367058998369, 0.24940036965750642], "UMC": [-0.11622218869365233, 0.24940035850370257], "INPUT": [-0.08608814396416115, 0.24940034234518096], "CAMB": [0.31415705566013297, 0.2494003180806088], "POST": [0.06062665104294257, 0.24940032203482213], "AMU": [0.2930622943046591, 0.24940034191897367]}