{"IITB": [-0.12024376537193797, 0.24940011331661366], "RAC": [0.0998158511017159, 0.24939992182963933], "NTHU": [-0.13765709881031726, 0.24940005777510255], "data_points": [42594, 1.0], "UFC": [-0.08708471452685185, 0.24939996710894483], "IPN": [-0.40223129727636914, 0.24940011746375143], "PKU": [0.11923687609739292, 0.24940009766570345], "CUUI": [0.14301925972477755, 0.249399973884595], "SJTU": [-0.09780661483880111, 0.2494000410330069], "UMC": [-0.11119143930730165, 0.24940003093520585], "INPUT": [-0.09646848702305165, 0.24940008153837762], "CAMB": [0.288033805574145, 0.2494000796600284], "POST": [0.07536043737891618, 0.24939999070268445], "AMU": [0.32721723398155117, 0.24940000108849292]}