{"IITB": [-0.10885500932831618, 0.24939932742035906], "RAC": [0.10549993466016641, 0.2493994344500294], "NTHU": [-0.15139012513085995, 0.24939950741460998], "data_points": [42594, 1.0], "UFC": [-0.10651408726028447, 0.2493993264995163], "IPN": [-0.39251167073622284, 0.24939947321266803], "PKU": [0.05995595526574475, 0.24939934073556305], "CUUI": [0.13230001549443543, 0.24939942837909146], "SJTU": [-0.10249726519769471, 0.24939941766198848], "UMC": [-0.05862158609132356, 0.2493994212267856], "INPUT": [-0.09144172383217562, 0.24939944424879298], "CAMB": [0.3168444851557263, 0.24939951543840172], "POST": [0.052258182182854405, 0.24939937063090606], "AMU": [0.34497288498430906, 0.24939940284309609]}