{"IITB": [-0.11421685558562002, 0.2494000829556374], "RAC": [0.11186715547423227, 0.24939995720120312], "NTHU": [-0.1302892275508976, 0.24940008784486478], "data_points": [42594, 1.0], "UFC": [-0.07703538168235263, 0.24940007523736632], "IPN": [-0.3881630508430377, 0.24940006052208372], "PKU": [0.0633007784077237, 0.24940007847660742], "CUUI": [0.18254438461712064, 0.24940007824185687], "SJTU": [-0.11421179357428388, 0.24940012233734588], "UMC": [-0.07938193834247209, 0.2493999927101094], "INPUT": [-0.10250252265050877, 0.24939988455453452], "CAMB": [0.3131575834793489, 0.2494000509502134], "POST": [0.04187280803012174, 0.24940006851843016], "AMU": [0.2930581015926624, 0.24939987424761145]}