{"IITB": [-0.06967273471090372, 0.24940049704029163], "RAC": [0.12392491391500436, 0.24940063225931847], "NTHU": [-0.15841282597842501, 0.24940062701182733], "data_points": [42594, 1.0], "UFC": [-0.0683313583841397, 0.2494006290808068], "IPN": [-0.3998759699235754, 0.24940069191140793], "PKU": [0.07971555495649461, 0.24940061884940426], "CUUI": [0.15842174407056273, 0.2494006403482769], "SJTU": [-0.11287567908478334, 0.24940029738103942], "UMC": [-0.07000265359423512, 0.2494006093119691], "INPUT": [-0.07469455053581558, 0.24940068606309237], "CAMB": [0.2669335130063973, 0.24940034655686005], "POST": [0.024446611088713596, 0.24940069160591352], "AMU": [0.30042349015482306, 0.24940069034471546]}