{"IITB": [-0.09077476800864667, 0.2493990872933897], "RAC": [0.09110702138747143, 0.2493989917008973], "NTHU": [-0.1711407093674239, 0.24939910410997465], "data_points": [42594, 1.0], "UFC": [-0.07435792881718332, 0.24939910980874525], "IPN": [-0.3794554163070828, 0.24939902348845194], "PKU": [0.057269360497824454, 0.24939893600298985], "CUUI": [0.1714843218142092, 0.2493990940379118], "SJTU": [-0.09412201672765741, 0.24939897248475154], "UMC": [-0.03717414408309405, 0.24939910730274503], "INPUT": [-0.1256055437519244, 0.24939907217064472], "CAMB": [0.33157153256974353, 0.24939915659726347], "POST": [0.029475672694002145, 0.2493990372434371], "AMU": [0.29172268910358806, 0.2493991578757862]}