{"IITB": [-0.07971782858148883, 0.24939952976782265], "RAC": [0.1336445067556187, 0.24939978058828347], "NTHU": [-0.14335561091350785, 0.24939980382389723], "data_points": [42594, 1.0], "UFC": [-0.06532122577823579, 0.24939968672439305], "IPN": [-0.40457016357619174, 0.24939972898077795], "PKU": [0.0780420676878716, 0.24939972182686584], "CUUI": [0.1634440911482413, 0.249399709008899], "SJTU": [-0.14804688125043391, 0.24939976207732845], "UMC": [-0.09746461327955956, 0.2493997311754746], "INPUT": [-0.09880903750345349, 0.24939971041984854], "CAMB": [0.31650446175127556, 0.24939975497825553], "POST": [0.03618082315658331, 0.2493997015950834], "AMU": [0.3094693957063368, 0.24939976333767078]}