{"IITB": [-0.0931133649793405, 0.2494001942007242], "RAC": [0.1192421082997709, 0.24940019748037706], "NTHU": [-0.143011094631724, 0.24940017023255903], "data_points": [42594, 1.0], "UFC": [-0.07134301252017788, 0.24940011054804265], "IPN": [-0.38682403311832897, 0.24940023810638323], "PKU": [0.08071342299955128, 0.24940029728797766], "CUUI": [0.13531227828600767, 0.24940024304327976], "SJTU": [-0.0897671810242173, 0.24940025479534092], "UMC": [-0.08373070091676903, 0.24940029027126817], "INPUT": [-0.1209177253662646, 0.24940006582435553], "CAMB": [0.3141550433286378, 0.24940023377701553], "POST": [0.054601098844301796, 0.2494002024317533], "AMU": [0.2846832203412497, 0.249400251882133]}