{"IITB": [-0.11387855597946923, 0.2493998112644943], "RAC": [0.08641664291447686, 0.2493999370426068], "NTHU": [-0.16545301085704625, 0.24939993809266384], "data_points": [42594, 1.0], "UFC": [-0.08172777086477077, 0.24939991911873705], "IPN": [-0.3797869990595891, 0.24939973646795913], "PKU": [0.07703839156348614, 0.2493999046146558], "CUUI": [0.15004858063046664, 0.2493998645236092], "SJTU": [-0.08038673659152301, 0.24939951905880328], "UMC": [-0.058280182751290564, 0.24939988116926348], "INPUT": [-0.0710150270814333, 0.24939986684633622], "CAMB": [0.28133460443452707, 0.24939988657548953], "POST": [0.07034050743326992, 0.24939980297395054], "AMU": [0.2853495592080284, 0.2493997713831709]}