{"IITB": [-0.10919144957143798, 0.249400373978825], "RAC": [0.11421425679154046, 0.24940015067602245], "NTHU": [-0.14837230104347585, 0.2494003065735967], "data_points": [42594, 1.0], "UFC": [-0.06766934157997537, 0.24940017445217322], "IPN": [-0.3851453224748137, 0.24940036456992995], "PKU": [0.09612753854101898, 0.249400344891175], "CUUI": [0.14302319419023216, 0.24940036770565766], "SJTU": [-0.12359086183866713, 0.24940034059419075], "UMC": [-0.051242091719565966, 0.2494003212405205], "INPUT": [-0.09277900775105011, 0.24940032931406103], "CAMB": [0.27764658864089864, 0.24940028184566296], "POST": [0.06799087989736399, 0.2494002912993706], "AMU": [0.2789879404069724, 0.24940021145358252]}