{"IITB": [-0.1031678530472472, 0.2493995147376431], "RAC": [0.10349175437466734, 0.24939947122354578], "NTHU": [-0.17616963742974506, 0.24939944911030784], "data_points": [42594, 1.0], "UFC": [-0.06264191857923758, 0.24939950035551048], "IPN": [-0.42165191334306756, 0.24939925493651818], "PKU": [0.08909271244769201, 0.24939939412704798], "CUUI": [0.1473755451458728, 0.24939950487594678], "SJTU": [-0.11019650453895366, 0.2493995161150272], "UMC": [-0.06832371291161504, 0.24939950906509564], "INPUT": [-0.08541668451506977, 0.24939939432935013], "CAMB": [0.3275573506310633, 0.24939951641189068], "POST": [0.04120631094321275, 0.24939932214682833], "AMU": [0.318844583903578, 0.24939953192818265]}