{"IITB": [-0.08608322969874846, 0.24940027945619928], "RAC": [0.10283187228539234, 0.2494002674627205], "NTHU": [-0.15942662452481998, 0.24940026903365067], "data_points": [42594, 1.0], "UFC": [-0.09813812067873998, 0.24940031635672688], "IPN": [-0.3844755446535618, 0.24940019579493494], "PKU": [0.07904353391685541, 0.24940022909291126], "CUUI": [0.1818718758681442, 0.24940022984453258], "SJTU": [-0.10484379245521917, 0.24940029722987905], "UMC": [-0.06363945796487423, 0.249400272597812], "INPUT": [-0.09479091498451435, 0.24940014326572446], "CAMB": [0.27397035534460396, 0.24940014422200774], "POST": [0.061628394116887426, 0.2493999897429098], "AMU": [0.2920516852485197, 0.24940023210130033]}