{"IITB": [-0.09847624154920591, 0.24939984368643367], "RAC": [0.07402097908502231, 0.24939985585838084], "NTHU": [-0.16176219949182225, 0.2493997939246295], "data_points": [42594, 1.0], "UFC": [-0.07536477216156584, 0.24939986379879045], "IPN": [-0.35969442841917676, 0.24939973612258506], "PKU": [0.07937399442065454, 0.24939985577924456], "CUUI": [0.14569593983926715, 0.24939980710592957], "SJTU": [-0.09679589595400086, 0.24939981227437436], "UMC": [-0.07971817038600901, 0.249399857504674], "INPUT": [-0.09747153148613706, 0.24939974726150133], "CAMB": [0.3218609978767667, 0.24939975676922732], "POST": [0.04321514553897432, 0.24939984567146628], "AMU": [0.305116210352559, 0.24939983122613138]}