{"IITB": [-0.09646842804792077, 0.24939991717781984], "RAC": [0.07670352895310918, 0.2493998022414132], "NTHU": [-0.1577487200700727, 0.24939998222641052], "data_points": [42594, 1.0], "UFC": [-0.08675523936290434, 0.2494000176776211], "IPN": [-0.381132264355021, 0.24939999655869674], "PKU": [0.07201149147856793, 0.24940004626077975], "CUUI": [0.1678057989223888, 0.249400010686142], "SJTU": [-0.09947972358375744, 0.24939989695553416], "UMC": [-0.07067276911858343, 0.24939981070490683], "INPUT": [-0.10014596460546718, 0.24939997016905366], "CAMB": [0.32186143142792917, 0.2493999750616445], "POST": [0.05828048265686547, 0.24939996344579912], "AMU": [0.29574040943167285, 0.24940003072273365]}