{"IITB": [-0.09746717804415397, 0.2493996564956207], "RAC": [0.08206030303837689, 0.2493996464215025], "NTHU": [-0.16545599694564422, 0.24939971107737866], "data_points": [42594, 1.0], "UFC": [-0.0870842848873252, 0.2493996443136424], "IPN": [-0.3771073445749533, 0.24939969541826568], "PKU": [0.06196195860572762, 0.24939975186709049], "CUUI": [0.15474235640095046, 0.24939964575077805], "SJTU": [-0.09512652712902214, 0.24939958837521703], "UMC": [-0.05258755476337975, 0.24939973070716726], "INPUT": [-0.11321171526986126, 0.2493996445329454], "CAMB": [0.324876378645386, 0.24939974050616906], "POST": [0.05727797627795405, 0.249399696306098], "AMU": [0.30712170191661503, 0.24939970384495458]}