{"IITB": [-0.11421863955696519, 0.2494007016999165], "RAC": [0.1249333252121187, 0.24940072221450246], "NTHU": [-0.16411485806732312, 0.24940069774766774], "data_points": [42594, 1.0], "UFC": [-0.07771328217019426, 0.24940078709491062], "IPN": [-0.3804640656511805, 0.24940071964009763], "PKU": [0.06397558741327282, 0.24940064547816446], "CUUI": [0.13933796495740122, 0.24940076230414673], "SJTU": [-0.09043714786756711, 0.24940076146584647], "UMC": [-0.11421033105856744, 0.24940072886862222], "INPUT": [-0.0773730876019846, 0.2494007534533923], "CAMB": [0.2840207090704804, 0.24940050624846477], "POST": [0.06263184298447158, 0.24940074618344887], "AMU": [0.3436320126279077, 0.24940053043972082]}