{"IITB": [-0.13297662678523042, 0.24939991881080284], "RAC": [0.10651467470255932, 0.24939994621169254], "NTHU": [-0.14301437782092316, 0.2494000190116212], "data_points": [42594, 1.0], "UFC": [-0.08206967958460594, 0.24939958493222253], "IPN": [-0.3851589449722099, 0.2493999555760791], "PKU": [0.07536603976689138, 0.2494000117875166], "CUUI": [0.14000446159310242, 0.24939994252351042], "SJTU": [-0.12526639692434247, 0.2493999717487659], "UMC": [-0.057941285761421525, 0.2493999300904581], "INPUT": [-0.10952881788822777, 0.2493999811793916], "CAMB": [0.33760650412751136, 0.24939991225094027], "POST": [0.05191874816834038, 0.24939991060115765], "AMU": [0.32454573457780256, 0.24939992907408415]}