{"IITB": [-0.08407605117160329, 0.24939920612050906], "RAC": [0.09043321675492688, 0.2493991237963434], "NTHU": [-0.15607279344905467, 0.24939921506648077], "data_points": [42594, 1.0], "UFC": [-0.10015078134111567, 0.24939915217098596], "IPN": [-0.3911778131429177, 0.2493992458773268], "PKU": [0.06933539656670065, 0.24939918477102488], "CUUI": [0.18388155731421257, 0.24939916476702986], "SJTU": [-0.11991167797450537, 0.24939921206784035], "UMC": [-0.05794634472917023, 0.24939918078261572], "INPUT": [-0.11388447259407897, 0.24939925300913532], "CAMB": [0.3027788456385338, 0.24939928336013367], "POST": [0.0622995010509311, 0.24939908554761034], "AMU": [0.31449145540403084, 0.2493990633904896]}