{"IITB": [-0.11388099031575, 0.24940080041610718], "RAC": [0.09444822649426976, 0.24940062354409173], "NTHU": [-0.14201476408511832, 0.24940069538331922], "data_points": [42594, 1.0], "UFC": [-0.0629683905139664, 0.24940075666761616], "IPN": [-0.39050646003141415, 0.2494008062371457], "PKU": [0.06699050884805419, 0.24940076396010663], "CUUI": [0.17349514557511703, 0.2494008020921272], "SJTU": [-0.0924456332958176, 0.24940076798862942], "UMC": [-0.09579351110559894, 0.24940058452942568], "INPUT": [-0.10785089253734437, 0.24940076125254135], "CAMB": [0.33224641828958446, 0.24940074725038214], "POST": [0.046893286405078484, 0.2494007146045934], "AMU": [0.2913870842855652, 0.249400238926232]}