{"IITB": [-0.10952722085935047, 0.2494000674672993], "RAC": [0.12426118788442204, 0.2494001744333025], "NTHU": [-0.13363837315633814, 0.24940020066322305], "data_points": [42594, 1.0], "UFC": [-0.07569527570763059, 0.24940014192019644], "IPN": [-0.3704109876626602, 0.24940013044820647], "PKU": [0.061623879544681036, 0.24940022500731754], "CUUI": [0.16445428495830322, 0.24940023555018065], "SJTU": [-0.11723444701588058, 0.2494002181074711], "UMC": [-0.07837578245276061, 0.24940020574137925], "INPUT": [-0.10216244562500212, 0.24940020628197906], "CAMB": [0.3084688334568293, 0.24940018945670941], "POST": [0.03684782161358735, 0.24940024290344545], "AMU": [0.2913885613134103, 0.24940021936696816]}