{"IITB": [-0.11991212029327805, 0.2493995648481771], "RAC": [0.10718107756462784, 0.24939956749943312], "NTHU": [-0.14368195414278587, 0.2493993565287628], "data_points": [42594, 1.0], "UFC": [-0.05627676827706929, 0.24939949676664536], "IPN": [-0.3787823702571067, 0.2493995560309575], "PKU": [0.06966493841786947, 0.249399465228892], "CUUI": [0.1503862413644376, 0.24939963847584623], "SJTU": [-0.1125388819600402, 0.24939962966261267], "UMC": [-0.06732194387365942, 0.24939963327043582], "INPUT": [-0.10383084289408728, 0.24939962283137346], "CAMB": [0.28200775673149425, 0.24939960354342533], "POST": [0.028809884280741858, 0.24939950910791145], "AMU": [0.3442950224280752, 0.2493996339604569]}