{"IITB": [-0.05206477421344344, 0.24903770738920994], "data_points": [26266, 1.0], "SJTU": [-0.10142350628404596, 0.24903702528280228], "PKU": [-0.0753924480839299, 0.24903772306965458], "AMU": [0.20662189626040478, 0.2490376999350311], "UFC": [-0.08840946586531123, 0.24903763698377446], "IPN": [-0.2033718193981563, 0.24903743743326207], "CUUI": [0.14263903245301887, 0.24903768609862909], "UMC": [0.03904875933741612, 0.2490375604194891], "CAMB": [0.2212672081730437, 0.2490377374739029], "INPUT": [-0.0564060831459299, 0.24903711180617405], "POST": [0.1431745202528014, 0.24903761998415933], "NTHU": [-0.2749397960314385, 0.24903781637180694], "RAC": [0.09925670712646384, 0.2490376335569103]}