{"IITB": [-0.059121253867242936, 0.24903610527523498], "data_points": [26266, 1.0], "SJTU": [-0.0813515459726278, 0.24903593812188982], "PKU": [-0.06508219092327189, 0.24903592704381988], "AMU": [0.2104213297799323, 0.24903616385632896], "UFC": [-0.06996118677225309, 0.24903542395498268], "IPN": [-0.21692925389925535, 0.24903631638858395], "CUUI": [0.1014160608196275, 0.24903639786589654], "UMC": [-0.003796170351361436, 0.24903631680424934], "CAMB": [0.28362365459351874, 0.24903617214393373], "INPUT": [-0.06779231930094144, 0.24903635431680846], "POST": [0.1610658819885333, 0.2490363011183372], "NTHU": [-0.31344377494127484, 0.24903627313364649], "RAC": [0.12095085382901292, 0.24903602415869366]}