{"IITB": [-0.020068902496597704, 0.2490373819050554], "data_points": [26266, 1.0], "SJTU": [-0.13287596274215957, 0.2490373781674872], "PKU": [-0.09490307119348741, 0.2490370715384246], "AMU": [0.22289153575638884, 0.24903742181731442], "UFC": [-0.10251704971265199, 0.24903726909238272], "IPN": [-0.19199178398651043, 0.24903728112202544], "CUUI": [0.11280977823080628, 0.24903698595350057], "UMC": [0.04013303084936915, 0.24903744268120048], "CAMB": [0.31454252214850775, 0.2490372950266524], "INPUT": [-0.08081410713708688, 0.2490368259151873], "POST": [0.1589105901354496, 0.24903742817055421], "NTHU": [-0.3459774094087227, 0.24903718957383286], "RAC": [0.11986082254808504, 0.2490370048964135]}