{"IITB": [-0.042852620546632955, 0.24903578695129872], "data_points": [26266, 1.0], "SJTU": [-0.10034429555747741, 0.24903564025844183], "PKU": [-0.058581139123886135, 0.24903583067961518], "AMU": [0.20230063976788715, 0.2490358879890559], "UFC": [-0.08731300717543403, 0.24903578740130594], "IPN": [-0.20717500973676842, 0.24903572591406806], "CUUI": [0.19904546971883627, 0.2490358724791246], "UMC": [-0.03633375632860679, 0.2490359465356549], "CAMB": [0.2087989012357324, 0.24903581596053861], "INPUT": [-0.045025414449888154, 0.24903571838827568], "POST": [0.15348290505771275, 0.2490358935864235], "NTHU": [-0.2863305359115593, 0.2490349208397267], "RAC": [0.10032788974071209, 0.2490358235004308]}