{"IITB": [-0.04609924620530433, 0.2490387489008093], "data_points": [26266, 1.0], "SJTU": [-0.0857017173548661, 0.24903891836689065], "PKU": [-0.04610076295943033, 0.2490387329386596], "AMU": [0.22615323601172604, 0.24903878369301669], "UFC": [-0.07159487410135794, 0.24903871849738354], "IPN": [-0.2554432134664648, 0.2490384439116247], "CUUI": [0.1849446523814727, 0.24903877780892852], "UMC": [0.013568890463309688, 0.2490385476139252], "CAMB": [0.2039099622204379, 0.24903878702655946], "INPUT": [-0.07973358645674268, 0.24903893093023016], "POST": [0.14481718823541914, 0.2490383902553271], "NTHU": [-0.3210469491923995, 0.24903890122129424], "RAC": [0.13232659737245914, 0.2490387442611236]}