{"IITB": [-0.02821287356396672, 0.24903491029204616], "data_points": [26266, 1.0], "SJTU": [-0.10739315485251445, 0.24903476986759912], "PKU": [-0.05748278745905203, 0.24903434379259254], "AMU": [0.21530131351901746, 0.24903480601358172], "UFC": [-0.06400544403083985, 0.2490347297324703], "IPN": [-0.2012101677945851, 0.24903503634816004], "CUUI": [0.150769990706354, 0.24903479606269427], "UMC": [0.007589732277418966, 0.2490348488276602], "CAMB": [0.2695384316154897, 0.24903491649743473], "INPUT": [-0.11497917374261327, 0.24903507539575734], "POST": [0.15024178813837397, 0.24903509917631883], "NTHU": [-0.31453388901157325, 0.24903495662579406], "RAC": [0.09437625630428187, 0.24903487806449476]}