{"IITB": [-0.008685255745451799, 0.24903721962226963], "data_points": [26266, 1.0], "SJTU": [-0.08786279131626763, 0.24903736255462325], "PKU": [-0.02603388422209225, 0.24903739097287572], "AMU": [0.2223426122659864, 0.24903746383548933], "UFC": [-0.0894797730408988, 0.24903708106257316], "IPN": [-0.20445934011689712, 0.249037488658406], "CUUI": [0.15890696767448997, 0.24903731860224054], "UMC": [-0.020068629934307157, 0.2490373204342127], "CAMB": [0.21801640291833752, 0.24903756214635447], "INPUT": [-0.06400300088996436, 0.24903745780829306], "POST": [0.14643615408934435, 0.2490373878241532], "NTHU": [-0.3242854265754502, 0.24903748204713316], "RAC": [0.07917601235609832, 0.24903756760941667]}