{"IITB": [-0.08514497879776832, 0.24903529873494187], "data_points": [26266, 1.0], "SJTU": [-0.09924915737452795, 0.2490351075918221], "PKU": [-0.04664336058714795, 0.24903549663869595], "AMU": [0.2781966497152744, 0.2490353989927395], "UFC": [-0.0688778797757609, 0.24903506108791346], "IPN": [-0.20119903214787288, 0.2490353034741185], "CUUI": [0.15674087947679335, 0.24903538958529348], "UMC": [0.007590678280099166, 0.2490353482953722], "CAMB": [0.24946864472254052, 0.24903521270400258], "INPUT": [-0.0786525289141355, 0.24903535062621326], "POST": [0.09871632183703065, 0.24903540725119166], "NTHU": [-0.30531394573106957, 0.2490350149691461], "RAC": [0.09436772113300104, 0.24903544607093867]}