{"IITB": [-0.07539158083902635, 0.24903463008157775], "data_points": [26266, 1.0], "SJTU": [-0.14372906667236557, 0.24903338317968907], "PKU": [-0.049354168547594265, 0.24903450559505366], "AMU": [0.26465042150719764, 0.24903471410599998], "UFC": [-0.09275219869033344, 0.24903373899788342], "IPN": [-0.16432441678254017, 0.24903449703659397], "CUUI": [0.16432924130228246, 0.24903461184380962], "UMC": [-0.05857966784307385, 0.24903460485276727], "CAMB": [0.24026082662065384, 0.24903457479095983], "INPUT": [-0.06237056651533372, 0.24903453843070228], "POST": [0.12800512041605921, 0.2490346525740606], "NTHU": [-0.28036393787814257, 0.24903476365960758], "RAC": [0.12962014275665648, 0.24903458739702297]}