{"IITB": [-0.03255156598682834, 0.24903666366842128], "data_points": [26266, 1.0], "SJTU": [-0.13884627727886925, 0.24903662066777152], "PKU": [-0.04393656966137899, 0.24903645776127328], "AMU": [0.1865602244934126, 0.2490363912530633], "UFC": [-0.04230782261779126, 0.24903610179984131], "IPN": [-0.24838723923957548, 0.24903664879442478], "CUUI": [0.24132812203597573, 0.24903648826400437], "UMC": [-0.009217805092436505, 0.24903629911987463], "CAMB": [0.2418820650286932, 0.24903660349715614], "INPUT": [-0.033070708018370025, 0.2490365185850968], "POST": [0.12745339900178268, 0.2490364501391471], "NTHU": [-0.35628733753717806, 0.24903654070536388], "RAC": [0.10738135509616407, 0.24903638338687362]}