{"IITB": [-0.02441613956150724, 0.24903509397955667], "data_points": [26266, 1.0], "SJTU": [-0.08623636980928893, 0.24903471469753616], "PKU": [-0.03687459372017553, 0.24903519421690856], "AMU": [0.1887323933184598, 0.24903537454608457], "UFC": [-0.08948826467735169, 0.2490355149715119], "IPN": [-0.23428584071567865, 0.24903544946159237], "CUUI": [0.1686648240778401, 0.2490353667002737], "UMC": [0.04446962607436091, 0.2490353425495298], "CAMB": [0.21149801384097947, 0.2490351948083394], "INPUT": [-0.05478217982604545, 0.24903532068222525], "POST": [0.10522218007893604, 0.24903537304706608], "NTHU": [-0.3074861606009821, 0.24903543044885784], "RAC": [0.11498245874025417, 0.24903545720392883]}