{"IITB": [-0.03472355150339056, 0.24903506880056633], "data_points": [26266, 1.0], "SJTU": [-0.12474941470983476, 0.24903548431085745], "PKU": [-0.07159217880330888, 0.24903525276858487], "AMU": [0.19741454244260867, 0.24903522668376518], "UFC": [-0.0813589090913771, 0.24903543127461542], "IPN": [-0.17951207587475027, 0.24903543893288826], "CUUI": [0.1475242824929182, 0.24903539032394792], "UMC": [0.022238349786283928, 0.24903530510076666], "CAMB": [0.17029915148578065, 0.24903545941812819], "INPUT": [-0.05640757426661858, 0.2490347281678165], "POST": [0.16324972425232037, 0.24903539992384907], "NTHU": [-0.2982619345129583, 0.24903523309210435], "RAC": [0.14587972046189537, 0.24903525241082863]}