{"IITB": [-0.009760321871326933, 0.2490370103850963], "data_points": [26266, 1.0], "SJTU": [-0.13341554890832466, 0.24903712053197444], "PKU": [-0.03308686849017167, 0.2490369453202606], "AMU": [0.24079076506879266, 0.24903694761668496], "UFC": [-0.06725502565232969, 0.2490363800392842], "IPN": [-0.18656014314208913, 0.2490370419309981], "CUUI": [0.1480628304767871, 0.24903695022942884], "UMC": [-0.0032541593430152975, 0.24903609693523865], "CAMB": [0.26030046125851336, 0.2490368445284268], "INPUT": [-0.05641618366143536, 0.2490368628000495], "POST": [0.1366747730015385, 0.2490368709981533], "NTHU": [-0.3568245719557972, 0.24903705349626942], "RAC": [0.06074409331603807, 0.24903663228778233]}