{"IITB": [-0.04501944712698113, 0.24903600801241818], "data_points": [26266, 1.0], "SJTU": [-0.12040255438726236, 0.24903625690941047], "PKU": [-0.08026732421705238, 0.249036024194422], "AMU": [0.24675033859692774, 0.24903616335954054], "UFC": [-0.0748495639039088, 0.2490362335015012], "IPN": [-0.17245184455356305, 0.24903610528134815], "CUUI": [0.170836313623152, 0.24903606416780194], "UMC": [-0.01952153084765014, 0.2490360816714026], "CAMB": [0.24133868694952884, 0.24903623770895783], "INPUT": [-0.0927466621560477, 0.2490361219743688], "POST": [0.13016260477166697, 0.2490361046978967], "NTHU": [-0.29229565805617586, 0.24903505342784746], "RAC": [0.1084666469514101, 0.2490358771722609]}