{"IITB": [-0.05044051925828379, 0.24903642845505267], "data_points": [26266, 1.0], "SJTU": [-0.10196500494714439, 0.24903620012514843], "PKU": [-0.05586680847270365, 0.2490364232593386], "AMU": [0.21422006422023182, 0.24903634280117884], "UFC": [-0.09816096687260248, 0.24903592393761392], "IPN": [-0.21313739938922824, 0.24903643347091856], "CUUI": [0.180064852464143, 0.2490360691552898], "UMC": [0.0005372338864864973, 0.249036299204998], "CAMB": [0.28146200381714614, 0.24903639870978253], "INPUT": [-0.06779823571785443, 0.24903622968181252], "POST": [0.12854805307247552, 0.24903639245390585], "NTHU": [-0.3140029548263032, 0.24903596420420646], "RAC": [0.09653980514251463, 0.2490364500462609]}