{"IITB": [-0.025488654149900935, 0.24903784556204278], "data_points": [26266, 1.0], "SJTU": [-0.12366301348247324, 0.2490377152901358], "PKU": [-0.10195173692052834, 0.24903713086168489], "AMU": [0.22668789421091073, 0.24903769651034122], "UFC": [-0.058038319518650905, 0.24903759180092486], "IPN": [-0.22396971603594573, 0.24903770483069912], "CUUI": [0.19035599544070242, 0.2490375919162846], "UMC": [0.007588564022970067, 0.24903734587547904], "CAMB": [0.17246489092207293, 0.2490375081744594], "INPUT": [-0.06074709926346018, 0.24903755479236153], "POST": [0.1984912659353312, 0.2490377991987483], "NTHU": [-0.2776566308549911, 0.24903767791427764], "RAC": [0.07592674040915263, 0.24903769955468788]}