{"IITB": [-0.06184110356613378, 0.2490351659160516], "data_points": [26266, 1.0], "SJTU": [-0.10793067731419471, 0.2490351014197775], "PKU": [-0.05641106771258554, 0.2490344235992382], "AMU": [0.22073336743341515, 0.24903526490250819], "UFC": [-0.10468043888971858, 0.24903509022657505], "IPN": [-0.23915916912197654, 0.2490351747441075], "CUUI": [0.15944818288288148, 0.2490354091293115], "UMC": [0.021147273982307226, 0.249035374105682], "CAMB": [0.2738639125500237, 0.249035440875762], "INPUT": [-0.0694229733927725, 0.2490352904267726], "POST": [0.1496928372587267, 0.24903537386634644], "NTHU": [-0.3015121819700383, 0.24903538784414417], "RAC": [0.11607201203138895, 0.24903511764983227]}