{"IITB": [-0.01464174734146534, 0.24903700174053525], "data_points": [26266, 1.0], "SJTU": [-0.07755814347795913, 0.24903709303664487], "PKU": [-0.05477837457783956, 0.24903702530986166], "AMU": [0.23427914522424478, 0.24903646006838326], "UFC": [-0.0791804164799945, 0.24903712328536165], "IPN": [-0.2310416760365309, 0.24903703329414828], "CUUI": [0.19361213598258567, 0.24903714380652076], "UMC": [-0.05044689673929522, 0.24903663900261558], "CAMB": [0.18712121875486545, 0.24903715436221008], "INPUT": [-0.067256707289141, 0.24903696981748147], "POST": [0.1388401278286704, 0.2490366569598307], "NTHU": [-0.29935215255773207, 0.24903698655351691], "RAC": [0.12040359855703611, 0.24903699538041066]}