{"IITB": [-0.0471816459348287, 0.24903770460793373], "data_points": [26266, 1.0], "SJTU": [-0.14154634891245307, 0.24903771901780247], "PKU": [-0.04609206074792726, 0.2490371840569956], "AMU": [0.2575906246112534, 0.24903753136436557], "UFC": [-0.07429865343930156, 0.24903782517312875], "IPN": [-0.24945362429478263, 0.24903751599170132], "CUUI": [0.18167690308881215, 0.2490378186330899], "UMC": [0.014631276383429107, 0.24903746744648395], "CAMB": [0.21313344394588588, 0.24903775046507945], "INPUT": [-0.04013574143094956, 0.2490368954167021], "POST": [0.10520684401962181, 0.24903768338014906], "NTHU": [-0.2668196958997205, 0.2490379269812123], "RAC": [0.0932888117890312, 0.24903753464470516]}