{"IITB": [-0.08677371881342157, 0.24903542188674097], "data_points": [26266, 1.0], "SJTU": [-0.1182359986334442, 0.24903546212044414], "PKU": [-0.043932134134938246, 0.24903570249661028], "AMU": [0.24946137090086906, 0.24903579343060814], "UFC": [-0.06943183437503271, 0.24903544408127679], "IPN": [-0.20282606921879645, 0.2490355725632536], "CUUI": [0.183308591044507, 0.2490357097429767], "UMC": [0.014107223989388868, 0.24903556424513598], "CAMB": [0.2646576358944086, 0.24903567411089483], "INPUT": [-0.06455155711985598, 0.24903580342534973], "POST": [0.13612895971171238, 0.24903573968128262], "NTHU": [-0.3123517109334688, 0.24903546261949822], "RAC": [0.05043928079222465, 0.24903562492238196]}