{"IITB": [-0.06672767744660911, 0.2490361731708353], "data_points": [26266, 1.0], "SJTU": [-0.10901768245544105, 0.24903607226129604], "PKU": [-0.06888006413800808, 0.24903599837700707], "AMU": [0.2218045956911847, 0.2490363378128576], "UFC": [-0.10630003838267098, 0.24903614285971376], "IPN": [-0.19036722333477776, 0.24903614795615292], "CUUI": [0.15023906399061007, 0.24903619442876732], "UMC": [0.00978252845773718, 0.24903596157257601], "CAMB": [0.291220432928717, 0.24903619530484847], "INPUT": [-0.08405883356832199, 0.24903621877688714], "POST": [0.1437274792849202, 0.24903618289291443], "NTHU": [-0.28795714400115296, 0.24903598497979962], "RAC": [0.09653462025251876, 0.24903595067447298]}