{"IITB": [-0.0016358235377828755, 0.24903544596588167], "data_points": [26266, 1.0], "SJTU": [-0.13937930010262112, 0.24903593095749807], "PKU": [-0.06616469445108555, 0.24903593375713517], "AMU": [0.2136947740996347, 0.24903589769866402], "UFC": [-0.07485489476662817, 0.24903580159928213], "IPN": [-0.21856090971732586, 0.2490358715756103], "CUUI": [0.13342563213501415, 0.24903598720330475], "UMC": [0.033623834438733874, 0.24903600078192373], "CAMB": [0.2787413922996041, 0.24903587423175474], "INPUT": [-0.04936151947997677, 0.2490360591693568], "POST": [0.12744773236953494, 0.2490359041223446], "NTHU": [-0.3199574488536709, 0.24903607497914934], "RAC": [0.08298126180046239, 0.24903586829806307]}