{"IITB": [-0.053691944809343146, 0.24903624730658466], "data_points": [26266, 1.0], "SJTU": [-0.08459943790697416, 0.2490361141728684], "PKU": [0.003786270358899978, 0.2490361620542241], "AMU": [0.22886107222296176, 0.24903615905563667], "UFC": [-0.0661638212666048, 0.2490356600528399], "IPN": [-0.23591684321491452, 0.2490363211786693], "CUUI": [0.14751918906382336, 0.2490363395207723], "UMC": [0.008136326736861182, 0.2490363208219449], "CAMB": [0.21258958371843065, 0.2490362174527084], "INPUT": [-0.06942199359666545, 0.249035676816878], "POST": [0.12636129188310055, 0.2490362611697936], "NTHU": [-0.33622939584538547, 0.2490356554023426], "RAC": [0.11876985007446919, 0.249036117979366]}