{"IITB": [-0.0336257979154034, 0.24903711748188911], "data_points": [26266, 1.0], "SJTU": [-0.11497521840772523, 0.24903698818337672], "PKU": [-0.0851561185491584, 0.24903699761079232], "AMU": [0.18494341391246708, 0.24903709734596147], "UFC": [-0.09382926810333195, 0.2490368723212598], "IPN": [-0.19632782810558977, 0.2490370198506399], "CUUI": [0.18601888754497722, 0.2490367859632993], "UMC": [0.04501254581759203, 0.24903685518784288], "CAMB": [0.27277941926505955, 0.2490369489097998], "INPUT": [-0.03579627827679867, 0.24903657238136429], "POST": [0.10521923098338075, 0.24903687667046928], "NTHU": [-0.3280825225578051, 0.24903624298221083], "RAC": [0.09381963613566499, 0.24903683856841377]}