{"IITB": [-0.028212520620492558, 0.24903681084813678], "data_points": [26266, 1.0], "SJTU": [-0.11118048110690736, 0.24903674770438075], "PKU": [-0.05477740342063472, 0.24903689468141132], "AMU": [0.24837684043306604, 0.2490368349036474], "UFC": [-0.08136306079884792, 0.24903669780347568], "IPN": [-0.20500278329686739, 0.24903684951622512], "CUUI": [0.15566363026604244, 0.2490368973906621], "UMC": [-0.04339078676242489, 0.2490370339438031], "CAMB": [0.171931393369159, 0.2490365478087788], "INPUT": [-0.0683367677277827, 0.24903691381498366], "POST": [0.17571727576613358, 0.2490369474162017], "NTHU": [-0.2977133650009329, 0.24903659803114028], "RAC": [0.1382882147688595, 0.24903651662735532]}