{"IITB": [-0.003265312881787909, 0.24903513160444948], "data_points": [26266, 1.0], "SJTU": [-0.11986946626268279, 0.2490348350196278], "PKU": [-0.08190044262040287, 0.24903465329021837], "AMU": [0.22452138458089035, 0.24903510360646966], "UFC": [-0.08081066676510185, 0.24903482333067897], "IPN": [-0.24730359967329277, 0.24903499071360694], "CUUI": [0.1567448027279713, 0.2490348268623747], "UMC": [0.03579176389526071, 0.2490350539661343], "CAMB": [0.17464085915945302, 0.24903495612184753], "INPUT": [-0.04556861308514211, 0.24903486425202492], "POST": [0.17193035627063005, 0.24903481056927135], "NTHU": [-0.33514108563205547, 0.2490344250764017], "RAC": [0.15023011008337253, 0.24903500214455399]}