{"IITB": [-0.036350706140397204, 0.2490364050126007], "data_points": [26266, 1.0], "SJTU": [-0.11606063610538014, 0.24903652299170148], "PKU": [-0.022784252628517195, 0.2490364885498467], "AMU": [0.20879614179682232, 0.24903611054043], "UFC": [-0.09383372039969144, 0.24903639474556657], "IPN": [-0.22234203779890335, 0.24903638028870564], "CUUI": [0.16269371485049608, 0.24903652590534955], "UMC": [-0.01084864898502422, 0.24903654653280266], "CAMB": [0.22831942483523235, 0.2490362655027834], "INPUT": [-0.08840543504147874, 0.2490366093887082], "POST": [0.15837404340444544, 0.24903633922284682], "NTHU": [-0.2819941131610451, 0.2490364124733647], "RAC": [0.11443622856288306, 0.2490362322158839]}