{"IITB": [-0.05043869472646652, 0.24903582655468187], "data_points": [26266, 1.0], "SJTU": [-0.12907395641534905, 0.24903646777792693], "PKU": [-0.036321740686607006, 0.249036395461957], "AMU": [0.2960991469722267, 0.2490362482100362], "UFC": [-0.05749147358512203, 0.2490359549290253], "IPN": [-0.20934410867688394, 0.24903634608457517], "CUUI": [0.18439312046219275, 0.2490365391975112], "UMC": [-0.005968959131039017, 0.2490365084087005], "CAMB": [0.28254349109229104, 0.24903649069341968], "INPUT": [-0.07051371528525915, 0.24903649376644454], "POST": [0.05694506307566514, 0.24903655641228317], "NTHU": [-0.3058519814606285, 0.2490363517959173], "RAC": [0.04502388658397596, 0.24903645194412657]}