{"IITB": [-0.026039518629328594, 0.24903757089046052], "data_points": [26266, 1.0], "SJTU": [-0.08786566244059188, 0.24903748196498018], "PKU": [-0.06018784503381633, 0.2490374564007973], "AMU": [0.20499757001535218, 0.24903765699799799], "UFC": [-0.08189441413197326, 0.24903767652367073], "IPN": [-0.24078800834262154, 0.24903762897869933], "CUUI": [0.16432589185978022, 0.24903790769777678], "UMC": [-0.00487873852241215, 0.2490376775045655], "CAMB": [0.2630172707675203, 0.24903762923595849], "INPUT": [-0.07593376328980893, 0.24903774803681522], "POST": [0.1290771302308221, 0.24903790429331407], "NTHU": [-0.2565066728851587, 0.24903763412556953], "RAC": [0.07267675318133139, 0.2490378058762231]}