{"IITB": [-0.07701092988083603, 0.249036731583501], "data_points": [26266, 1.0], "SJTU": [-0.1285341644528106, 0.24903699130467893], "PKU": [-0.04447596915427649, 0.24903701049917318], "AMU": [0.24133064982336516, 0.2490370082939671], "UFC": [-0.0862422234116998, 0.24903705845611648], "IPN": [-0.19632925013911473, 0.24903703153690768], "CUUI": [0.15728333018003968, 0.24903688489531067], "UMC": [0.04501571969240298, 0.2490371108271453], "CAMB": [0.22506339041133724, 0.24903692904542868], "INPUT": [-0.056409695982289766, 0.24903711191018688], "POST": [0.12745944889634908, 0.24903699361885476], "NTHU": [-0.3074878104675071, 0.24903659359501004], "RAC": [0.10033756581740712, 0.24903560199011182]}