{"IITB": [-0.08028102940232294, 0.24903541024309858], "data_points": [26266, 1.0], "SJTU": [-0.07809277533970876, 0.24903548967504888], "PKU": [-0.030915323107137706, 0.24903553757182767], "AMU": [0.216929285915501, 0.24903529133411834], "UFC": [-0.07972087355594532, 0.24903559358879682], "IPN": [-0.22777837408622562, 0.24903556787541778], "CUUI": [0.12960728222973408, 0.24903572905787266], "UMC": [-0.02114688969730675, 0.24903503959828288], "CAMB": [0.2456745383506631, 0.24903545993264517], "INPUT": [-0.033635477244735, 0.2490355280758854], "POST": [0.1757173679512995, 0.2490354539165977], "NTHU": [-0.30042815175271487, 0.24903561446688835], "RAC": [0.08407052495792923, 0.24903572102713908]}