{"IITB": [-0.04610040351082142, 0.24903779591382957], "data_points": [26266, 1.0], "SJTU": [-0.10033443709363528, 0.249037830302094], "PKU": [-0.03471494196526833, 0.24903787910764097], "AMU": [0.19577969573378337, 0.24903776118997062], "UFC": [-0.0737626269692825, 0.2490378562831751], "IPN": [-0.22127147564221647, 0.24903760652087237], "CUUI": [0.1767970082052485, 0.24903744696183663], "UMC": [0.004890280334433477, 0.24903794436663818], "CAMB": [0.23319843378553123, 0.2490376479974217], "INPUT": [-0.04231121462510489, 0.24903788877575828], "POST": [0.1551107478362426, 0.2490376660269691], "NTHU": [-0.3307999828750416, 0.2490378001210329], "RAC": [0.0835189943020518, 0.24903773284275635]}