{"IITB": [-0.015190738984436087, 0.24903658415326815], "data_points": [26266, 1.0], "SJTU": [-0.09546195229102049, 0.24903657478389563], "PKU": [-0.05749157000907431, 0.24903652331214599], "AMU": [0.25868637369503883, 0.24903646506671415], "UFC": [-0.09924940672700444, 0.24903643497663794], "IPN": [-0.2407906458679023, 0.2490363296585676], "CUUI": [0.20770825157693715, 0.24903658304910486], "UMC": [-0.022773703087512975, 0.24903652833784334], "CAMB": [0.1876421733330503, 0.24903649894626012], "INPUT": [-0.03579759171048751, 0.24903603345012026], "POST": [0.1215014820141268, 0.2490365704024119], "NTHU": [-0.3047782589324583, 0.2490364086522657], "RAC": [0.09599571819983359, 0.24903631625095785]}