{"IITB": [-0.05641217301961721, 0.2490360052219319], "data_points": [26266, 1.0], "SJTU": [-0.127997212552669, 0.2490359330680789], "PKU": [-0.018435210088426385, 0.24903604063219104], "AMU": [0.2250643784644789, 0.24903590601370632], "UFC": [-0.036343387601242366, 0.2490360077005721], "IPN": [-0.2191060851423683, 0.24903586256370025], "CUUI": [0.1713832928911977, 0.24903529530357688], "UMC": [0.030911890818209668, 0.24903587368438598], "CAMB": [0.1843939646354557, 0.24903580613106488], "INPUT": [-0.05099622573652195, 0.24903571564646287], "POST": [0.12420710997564045, 0.24903598283923226], "NTHU": [-0.3026012710280212, 0.24903595399232237], "RAC": [0.07593100795638003, 0.2490359511433932]}