{"IITB": [-0.04990388167444372, 0.24903618124459093], "data_points": [26266, 1.0], "SJTU": [-0.0954532388153141, 0.24903589174405946], "PKU": [-0.09979365412875273, 0.24903608023176935], "AMU": [0.2272398791579448, 0.24903598088875548], "UFC": [-0.049363642318026583, 0.24903586641997047], "IPN": [-0.22994611517095942, 0.24903605692623068], "CUUI": [0.16270023395076713, 0.2490361526365423], "UMC": [0.0005439235503139905, 0.24903591292545568], "CAMB": [0.2652044657127851, 0.24903602277605286], "INPUT": [-0.056415754209017274, 0.24903623284965273], "POST": [0.1166116979855359, 0.24903615347752886], "NTHU": [-0.2776570249303309, 0.24903587399431712], "RAC": [0.08623323367540342, 0.2490360785278166]}