{"IITB": [-0.023327972810977708, 0.24903555466791966], "data_points": [26266, 1.0], "SJTU": [-0.11443897600706968, 0.2490355226198241], "PKU": [-0.006507605211939015, 0.24903549482235088], "AMU": [0.2576030474327602, 0.2490354767009351], "UFC": [-0.09111622463282451, 0.24903434306054678], "IPN": [-0.24078055284191852, 0.24903576717928247], "CUUI": [0.1263614891517796, 0.24903567769249516], "UMC": [0.001078800612709597, 0.24903547924641511], "CAMB": [0.2125890181099221, 0.24903559289521582], "INPUT": [-0.06454529068562928, 0.24903556015858208], "POST": [0.1751717078569465, 0.24903551317005204], "NTHU": [-0.3204923477442712, 0.24903562397267917], "RAC": [0.08840501109414972, 0.24903552940090198]}