{"IITB": [-0.03200948806253165, 0.2490360249174471], "data_points": [26266, 1.0], "SJTU": [-0.13342157893718637, 0.24903509950581254], "PKU": [0.00704773055262304, 0.24903590606278794], "AMU": [0.22561123991470555, 0.2490359207123642], "UFC": [-0.06129589015938487, 0.24903609905879154], "IPN": [-0.21584240969025195, 0.24903529018468015], "CUUI": [0.16595316586788428, 0.24903598247908618], "UMC": [0.00596738807462996, 0.2490357645751256], "CAMB": [0.20879626674870105, 0.24903598630162918], "INPUT": [-0.04990768329025955, 0.24903578427135545], "POST": [0.11227009709330853, 0.24903594874049667], "NTHU": [-0.3242892085720381, 0.24903595560457767], "RAC": [0.09112043273958184, 0.2490359628681562]}