{"IITB": [-0.033085240358723074, 0.2490351339133809], "data_points": [26266, 1.0], "SJTU": [-0.15836290810025277, 0.24903540167944557], "PKU": [-0.08514451847577299, 0.2490351466619334], "AMU": [0.253253976601829, 0.24903522764985048], "UFC": [-0.05858056664821645, 0.249034972278536], "IPN": [-0.17462576289253234, 0.24903517978513182], "CUUI": [0.16758855829504357, 0.24903486840786315], "UMC": [0.018973792964453052, 0.24903519778819305], "CAMB": [0.2272359302161944, 0.24903541950598262], "INPUT": [-0.054778057674633, 0.2490351341685287], "POST": [0.1805940977161487, 0.24903523575160202], "NTHU": [-0.3107212464750797, 0.24903518674865152], "RAC": [0.027652049830671575, 0.2490353522473648]}