{"IITB": [-0.04448515311733134, 0.249037123161022], "data_points": [26266, 1.0], "SJTU": [-0.11605844029410291, 0.2490370851885608], "PKU": [-0.03036277891368695, 0.24903705086983324], "AMU": [0.22994688896185117, 0.24903706233919895], "UFC": [-0.05424037169410621, 0.2490368566454874], "IPN": [-0.22127305997303412, 0.2490371913807573], "CUUI": [0.15456585440023696, 0.24903685911279785], "UMC": [-0.005959666195301853, 0.24903708867011118], "CAMB": [0.2765832120701562, 0.24903701870831468], "INPUT": [-0.09112551075626779, 0.2490370558287954], "POST": [0.17246107678363887, 0.24903673105897553], "NTHU": [-0.30965214841251565, 0.2490370070537602], "RAC": [0.039600163489398085, 0.24903692502397054]}