{"IITB": [-0.03038219862414934, 0.2490360838959918], "data_points": [26266, 1.0], "SJTU": [-0.12310891679306721, 0.24903625905980242], "PKU": [-0.044467580596487005, 0.2490361704512945], "AMU": [0.22614219071948766, 0.24903608871986446], "UFC": [-0.10196666136819099, 0.24903625571834773], "IPN": [-0.20228641733608405, 0.24903585425176708], "CUUI": [0.1805959992719201, 0.24903576358379076], "UMC": [-0.02928393456514977, 0.249036007106746], "CAMB": [0.19633009050187006, 0.24903611361793487], "INPUT": [-0.04014007279205872, 0.2490358855576209], "POST": [0.1458889513965413, 0.24903591568601122], "NTHU": [-0.27656315066537007, 0.24903617392832578], "RAC": [0.09924172867395901, 0.24903606111172505]}