{"IITB": [-0.09328945276439955, 0.249034639069411], "data_points": [26266, 1.0], "SJTU": [-0.07376150492819977, 0.24903429119932396], "PKU": [-0.053147762794012385, 0.2490344851885335], "AMU": [0.23155597870341849, 0.2490344601321289], "UFC": [-0.09328667286759185, 0.24903466163000706], "IPN": [-0.174625269411845, 0.24903467000535048], "CUUI": [0.16865360243052702, 0.24903463966535], "UMC": [0.024407153036522466, 0.24903437997938407], "CAMB": [0.21639305432120123, 0.2490345961734292], "INPUT": [-0.10521082472289103, 0.24903416179197563], "POST": [0.15295044305672656, 0.24903468742576618], "NTHU": [-0.2809084737989672, 0.24903455642999195], "RAC": [0.08026981738482171, 0.24903433310865458]}