{"IITB": [-0.05858674077689895, 0.24903598874656369], "data_points": [26266, 1.0], "SJTU": [-0.08895926365281696, 0.24903560413481513], "PKU": [-0.03089661883518544, 0.24903598666270454], "AMU": [0.2689957764892299, 0.2490362131506708], "UFC": [-0.1269161018755399, 0.24903587633386767], "IPN": [-0.23102590166997394, 0.24903610165095794], "CUUI": [0.12961575288455424, 0.24903622249863638], "UMC": [0.014655726762504522, 0.24903596421496474], "CAMB": [0.26519345598234734, 0.24903614211712147], "INPUT": [-0.06941890735227298, 0.24903577347542324], "POST": [0.11280769994009934, 0.24903602667185704], "NTHU": [-0.28959662053308793, 0.2490361863386139], "RAC": [0.1041318247380191, 0.24903609785097203]}