{"IITB": [-0.052074894408739116, 0.24903516629058886], "data_points": [26266, 1.0], "SJTU": [-0.12745148716282564, 0.24903564701537295], "PKU": [-0.07104615335328453, 0.24903508474808], "AMU": [0.2749550709276194, 0.2490353179521688], "UFC": [-0.08839856805087247, 0.24903561251427425], "IPN": [-0.22669525700774193, 0.24903546100855886], "CUUI": [0.1778910720300329, 0.2490355800058265], "UMC": [-0.026570510497999522, 0.24903553918791038], "CAMB": [0.2792879694231618, 0.24903552622261374], "INPUT": [-0.03960250587489122, 0.24903553195249525], "POST": [0.15999830940126689, 0.24903567353034853], "NTHU": [-0.31777836862534214, 0.2490355870726391], "RAC": [0.05748545031322357, 0.24903572446537062]}