{"IITB": [-0.04121817779888197, 0.24903508612143907], "data_points": [26266, 1.0], "SJTU": [-0.12257083704790724, 0.2490349808057967], "PKU": [-0.07755543985869492, 0.2490353402151242], "AMU": [0.22831483981126238, 0.24903523767235672], "UFC": [-0.06562487558246745, 0.24903456227129708], "IPN": [-0.18548986184160496, 0.24903499828586276], "CUUI": [0.1648733156868296, 0.2490352327121364], "UMC": [0.005422803649247795, 0.24903489475917767], "CAMB": [0.2521808016874957, 0.2490350347467873], "INPUT": [-0.0862348006258808, 0.2490349930667915], "POST": [0.15565081190325225, 0.2490351614045387], "NTHU": [-0.3221285415084083, 0.2490353539945576], "RAC": [0.09438009758585954, 0.2490352024438814]}