{"IITB": [-0.02983062142715592, 0.24903563283865807], "data_points": [26266, 1.0], "SJTU": [-0.09327726636731082, 0.24903575267649183], "PKU": [-0.06941209305464004, 0.2490357128560723], "AMU": [0.2370089870575976, 0.24903501631689876], "UFC": [-0.054797260952564826, 0.2490354350787938], "IPN": [-0.21476640044320003, 0.24903578932898776], "CUUI": [0.15566128574682905, 0.24903569063201766], "UMC": [-0.027666221803058746, 0.24903573179592134], "CAMB": [0.2847134689013272, 0.2490356000019152], "INPUT": [-0.10468489050579463, 0.24903522003964224], "POST": [0.16379376042146407, 0.24903556752165215], "NTHU": [-0.3427357629278265, 0.2490356175302268], "RAC": [0.095993169939221, 0.24903560250352028]}