{"IITB": [-0.030914567465813093, 0.24903513423454282], "data_points": [26266, 1.0], "SJTU": [-0.08679219856247025, 0.24903537630375508], "PKU": [-0.03416174304091659, 0.24903504448494437], "AMU": [0.23373475178340575, 0.24903540256527104], "UFC": [-0.09817155460368501, 0.24903465834867483], "IPN": [-0.2543428403185616, 0.24903513124104856], "CUUI": [0.17354574242886148, 0.24903508101358235], "UMC": [0.01681212801040817, 0.2490353629646762], "CAMB": [0.212600644897471, 0.2490349230772431], "INPUT": [-0.08190934751280787, 0.24903537799304776], "POST": [0.1643327663220669, 0.2490352678258763], "NTHU": [-0.30638950598142, 0.249035259427036], "RAC": [0.09165590541595543, 0.2490352850737862]}