{"IITB": [-0.05044328417153544, 0.24903317129045452], "data_points": [26266, 1.0], "SJTU": [-0.1019560828013695, 0.24903404873638635], "PKU": [-0.07213369394722849, 0.24903410879187218], "AMU": [0.2538002260251492, 0.24903402146564826], "UFC": [-0.08895784524059665, 0.24903384397295328], "IPN": [-0.22668958222065902, 0.24903421380750834], "CUUI": [0.1811388051305181, 0.24903428066371078], "UMC": [0.005428356891356477, 0.24903404867745668], "CAMB": [0.21855136610874587, 0.24903398421994744], "INPUT": [-0.05314276708478186, 0.2490340024679208], "POST": [0.16216748986714, 0.2490342661798609], "NTHU": [-0.3394771038627112, 0.2490342545301032], "RAC": [0.11171428883704161, 0.24903405045059715]}