{"IITB": [-0.03362043379384944, 0.24903502335940442], "data_points": [26266, 1.0], "SJTU": [-0.16379157400099398, 0.2490355940864194], "PKU": [-0.08623918706622496, 0.2490354938483844], "AMU": [0.21475816657906552, 0.2490354323690679], "UFC": [-0.09653338028440121, 0.24903525216788341], "IPN": [-0.19145736749262876, 0.24903546260075257], "CUUI": [0.18277210613726505, 0.2490354582692393], "UMC": [0.037437568226994414, 0.2490353623533693], "CAMB": [0.2521901513352143, 0.24903558589306585], "INPUT": [-0.06238790718373902, 0.24903541785111075], "POST": [0.14697851631355588, 0.24903544501859035], "NTHU": [-0.3129102862520706, 0.24903501610052886], "RAC": [0.11280370863788516, 0.24903460172504976]}