{"IITB": [-0.0482786783762872, 0.24903647319831632], "data_points": [26266, 1.0], "SJTU": [-0.10413444225899508, 0.2490368520037542], "PKU": [-0.04987890700084715, 0.24903693726136467], "AMU": [0.21909954186132613, 0.24903657415353542], "UFC": [-0.04773749711828789, 0.2490362952486651], "IPN": [-0.24024628197907863, 0.2490369741493103], "CUUI": [0.18059691516196982, 0.24903656993431425], "UMC": [-0.0395973931968733, 0.24903699699914825], "CAMB": [0.24024724529366134, 0.24903704408174476], "INPUT": [-0.05912548513261184, 0.24903687644957062], "POST": [0.1350493564278903, 0.24903702074089754], "NTHU": [-0.29229864261192595, 0.2490367909274211], "RAC": [0.1063043108983704, 0.24903688711893912]}