{"IITB": [-0.03146417136543916, 0.24903496700961106], "data_points": [26266, 1.0], "SJTU": [-0.13234731746812647, 0.24903546861269787], "PKU": [-0.010849334849194515, 0.24903549049996831], "AMU": [0.23482516133042863, 0.24903544166370892], "UFC": [-0.08840393863586127, 0.24903515209482657], "IPN": [-0.22127489428260186, 0.24903530785038344], "CUUI": [0.1448117734636138, 0.2490351449245759], "UMC": [0.0455540247969428, 0.24903527966035036], "CAMB": [0.2250620186335043, 0.24903544897386543], "INPUT": [-0.06020313911800899, 0.24903528137970865], "POST": [0.13884554201114604, 0.24903519244925296], "NTHU": [-0.3454441658895355, 0.24903534154837131], "RAC": [0.1008884872317693, 0.24903547462921394]}