{"IITB": [-0.055858805693401715, 0.2490360137595576], "data_points": [26266, 1.0], "SJTU": [-0.12256896983520352, 0.24903608056638332], "PKU": [-0.022238717152669837, 0.24903615830050743], "AMU": [0.24566805608059294, 0.24903606107230963], "UFC": [-0.07104943967601894, 0.24903607672956551], "IPN": [-0.21421975639691349, 0.24903627528422123], "CUUI": [0.14914575813934866, 0.2490362567177609], "UMC": [0.011377320991719937, 0.2490360872764733], "CAMB": [0.2044528473659881, 0.24903625335177434], "INPUT": [-0.04284244834393991, 0.24903592233498492], "POST": [0.12907398402177356, 0.24903599231946397], "NTHU": [-0.33567905148883037, 0.24903605029495876], "RAC": [0.12473932259467807, 0.2490357192521048]}