{"IITB": [-0.03579963683873046, 0.24903626591262104], "data_points": [26266, 1.0], "SJTU": [-0.09437647484428831, 0.249036942907853], "PKU": [-0.08461209354335907, 0.2490366698490239], "AMU": [0.2885131455455646, 0.24903693494453502], "UFC": [-0.07648527857058676, 0.249036667228493], "IPN": [-0.21585381504899834, 0.24903706654961164], "CUUI": [0.18386213946771565, 0.2490368931111252], "UMC": [-0.0200737284776434, 0.249037134153545], "CAMB": [0.21965256282034873, 0.24903707723850774], "INPUT": [-0.04881482755316521, 0.24903707260884633], "POST": [0.1274623029152355, 0.24903689101781537], "NTHU": [-0.3150758631698747, 0.2490369518087838], "RAC": [0.07160168446521001, 0.2490371090153732]}