{"IITB": [-0.05640474917310704, 0.249034893902286], "data_points": [26266, 1.0], "SJTU": [-0.10305348754147209, 0.24903501348044402], "PKU": [-0.09761603804717339, 0.24903470783336798], "AMU": [0.2174598512180051, 0.24903423901519048], "UFC": [-0.07918489228910622, 0.2490348131770069], "IPN": [-0.1990266954913177, 0.2490348606041854], "CUUI": [0.18059852188112377, 0.24903481662672922], "UMC": [-0.005430479538914991, 0.24903487120544002], "CAMB": [0.2456692474528755, 0.24903467025042664], "INPUT": [-0.019525235924041914, 0.2490347733317197], "POST": [0.09600140798762143, 0.24903512485331536], "NTHU": [-0.26843575965056043, 0.2490349900149243], "RAC": [0.08894834087573338, 0.2490350762808057]}