{"IITB": [-0.05260921853257561, 0.24903617789814328], "data_points": [26266, 1.0], "SJTU": [-0.10032931799831152, 0.2490360722847596], "PKU": [-0.013559816619007504, 0.2490361387137697], "AMU": [0.2462080334611026, 0.2490360520893689], "UFC": [-0.09003574196852034, 0.24903577298509605], "IPN": [-0.25813353145473766, 0.24903607032094158], "CUUI": [0.1599867348374661, 0.249035787679621], "UMC": [0.0016206237875654585, 0.24903564127052588], "CAMB": [0.222361865946871, 0.24903614891953796], "INPUT": [-0.06291180649077385, 0.24903558517159952], "POST": [0.1664960024551191, 0.24903597295623442], "NTHU": [-0.27820047137955123, 0.24903606324750632], "RAC": [0.05910678593369883, 0.24903623696111515]}