{"IITB": [-0.1008845723455985, 0.2490354390897597], "data_points": [26266, 1.0], "SJTU": [-0.09761784355553572, 0.24903542193162792], "PKU": [-0.07320886713257149, 0.24903551012241965], "AMU": [0.22831421641009728, 0.24903539080763706], "UFC": [-0.1079267116678944, 0.2490356290778167], "IPN": [-0.23481691363512142, 0.2490352823281546], "CUUI": [0.19524225736308565, 0.24903544983646317], "UMC": [-0.008139372191686704, 0.24903549759968185], "CAMB": [0.23319454522593652, 0.24903555889698648], "INPUT": [-0.09870682024924479, 0.24903549542334966], "POST": [0.14643356903301755, 0.24903554953476692], "NTHU": [-0.21149668173731587, 0.24903517248353949], "RAC": [0.12961344069487965, 0.2490355803086465]}