{"IITB": [-0.007598752946409232, 0.24903588011138772], "data_points": [26266, 1.0], "SJTU": [-0.1269168145715957, 0.24903645565034763], "PKU": [-0.06074572972753976, 0.2490364041113294], "AMU": [0.2500065414221411, 0.24903652756857242], "UFC": [-0.11063923000552221, 0.24903624364759785], "IPN": [-0.2521797568919586, 0.2490357369685446], "CUUI": [0.16704145283279545, 0.24903622218360288], "UMC": [-0.022235251360079693, 0.24903645752893086], "CAMB": [0.2375474960648793, 0.24903634141509584], "INPUT": [-0.04558030021632135, 0.24903633524076774], "POST": [0.14914886046285444, 0.2490359489734239], "NTHU": [-0.264092082885787, 0.24903626785501906], "RAC": [0.0862436622063868, 0.24903627185511315]}