{"IITB": [-0.06616088333783272, 0.2490376177502924], "data_points": [26266, 1.0], "SJTU": [-0.10196807508163182, 0.2490374200214339], "PKU": [0.01572043650084487, 0.2490377228631912], "AMU": [0.18872906354028507, 0.24903769577358428], "UFC": [-0.05099509246798821, 0.24903796878119702], "IPN": [-0.25055470609342884, 0.24903798108443292], "CUUI": [0.12907575749413264, 0.2490373719285321], "UMC": [-0.026027849486874487, 0.2490377830275768], "CAMB": [0.23157161995785105, 0.24903781508390427], "INPUT": [-0.0330886521798977, 0.24903795445614307], "POST": [0.18059980164844597, 0.2490379706850825], "NTHU": [-0.32646474196867803, 0.24903764715685014], "RAC": [0.10956340222327744, 0.24903760244613699]}