{"IITB": [-0.024944137975463736, 0.24903422885912643], "data_points": [26266, 1.0], "SJTU": [-0.12690650808570753, 0.24903444126271343], "PKU": [-0.050974897872329256, 0.24903430924201975], "AMU": [0.18493137529467546, 0.24903431108645196], "UFC": [-0.06020862490554823, 0.24903436822289002], "IPN": [-0.24133927434009023, 0.2490340853717013], "CUUI": [0.15836537000578774, 0.24903437612638937], "UMC": [-0.003256933286433127, 0.2490343776237449], "CAMB": [0.21421930752593807, 0.24903419849783978], "INPUT": [-0.06237888293054685, 0.2490340397654286], "POST": [0.19631226196601712, 0.2490343488312497], "NTHU": [-0.30476725619337997, 0.2490344168017502], "RAC": [0.12094824175779163, 0.24903415540038948]}