{"IITB": [-0.007051713819005091, 0.24903437863096892], "data_points": [26266, 1.0], "SJTU": [-0.09763295391022561, 0.24903496877015482], "PKU": [-0.05802579385469123, 0.2490349081669281], "AMU": [0.18222418354845107, 0.24903477150518621], "UFC": [-0.0976271206975496, 0.24903467859762185], "IPN": [-0.2207221474992533, 0.24903495169407464], "CUUI": [0.16107950905718207, 0.2490348779298491], "UMC": [0.005965175859003558, 0.2490347489532037], "CAMB": [0.22288500649074208, 0.24903505647839683], "INPUT": [-0.03146732708026162, 0.24903493830290874], "POST": [0.13179301162060916, 0.24903502468265853], "NTHU": [-0.3129020966443642, 0.24903472639187052], "RAC": [0.12148235246531564, 0.24903497617848502]}