{"IITB": [-0.035258745068711995, 0.24903494664096376], "data_points": [26266, 1.0], "SJTU": [-0.10250761465801231, 0.2490345678881345], "PKU": [-0.0021740823079923932, 0.2490352573677044], "AMU": [0.2283127347041157, 0.24903513487592283], "UFC": [-0.08351761576629312, 0.24903524004328495], "IPN": [-0.1854826970832067, 0.24903513540085948], "CUUI": [0.13937760697059867, 0.24903496362176009], "UMC": [0.018440804091188836, 0.24903528057054714], "CAMB": [0.22615029668982428, 0.24903519155938064], "INPUT": [-0.08352242582804198, 0.24903491041009343], "POST": [0.10792907894464282, 0.24903533520146276], "NTHU": [-0.33404634560692165, 0.24903521221463865], "RAC": [0.10629908961407286, 0.2490348962411194]}