{"IITB": [-0.029838815474264965, 0.24903509414347488], "data_points": [26266, 1.0], "SJTU": [-0.1578222509318498, 0.24903508039301606], "PKU": [-0.0813527022725751, 0.24903525860298864], "AMU": [0.25812618887426897, 0.24903504326082682], "UFC": [-0.07484600278198872, 0.24903471713217804], "IPN": [-0.20933511747202205, 0.24903495522585728], "CUUI": [0.16270767566533917, 0.24903516529633843], "UMC": [0.018976681180922283, 0.24903515335738563], "CAMB": [0.26627677538191186, 0.24903509433918886], "INPUT": [-0.06453365091141398, 0.24903504438448398], "POST": [0.15185519336798808, 0.24903485302417885], "NTHU": [-0.3470565166791191, 0.2490352213059501], "RAC": [0.10684272537076292, 0.2490351033773802]}