{"IITB": [-0.05424885676091735, 0.24903404675092972], "data_points": [26266, 1.0], "SJTU": [-0.12420282149407434, 0.2490343411228422], "PKU": [-0.08135410710802507, 0.24903449728375798], "AMU": [0.22235033427299897, 0.24903441659086867], "UFC": [-0.06616838564493678, 0.24903451833883147], "IPN": [-0.18763142051397427, 0.24903404061536055], "CUUI": [0.1388429329622416, 0.2490345053739301], "UMC": [0.05802816414914062, 0.2490344663959438], "CAMB": [0.21801893920042348, 0.24903400897155126], "INPUT": [-0.05424403577252334, 0.24903423443592002], "POST": [0.07863487073014029, 0.2490343652170029], "NTHU": [-0.29717026068791486, 0.24903425697137527], "RAC": [0.14914471428804915, 0.2490344119222849]}