{"IITB": [-0.05911169750631346, 0.2490359340721668], "data_points": [26266, 1.0], "SJTU": [-0.14969089430329566, 0.249035990953818], "PKU": [-0.03308730038150129, 0.2490360939457259], "AMU": [0.2120506568320397, 0.24903568961370207], "UFC": [-0.07755503820399418, 0.24903561582656167], "IPN": [-0.19958199506281324, 0.24903597554216242], "CUUI": [0.1800445318662892, 0.24903572704198862], "UMC": [0.029833655242262145, 0.2490356349892071], "CAMB": [0.1979525158035798, 0.2490359291036635], "INPUT": [-0.02820443577135665, 0.2490360890269539], "POST": [0.09815266309050794, 0.2490356710750707], "NTHU": [-0.2771026165357808, 0.24903540529709728], "RAC": [0.10630005175308267, 0.2490359623271793]}