{"IITB": [-0.040674483739617996, 0.2490348272136305], "data_points": [26266, 1.0], "SJTU": [-0.10467206458822755, 0.24903498189112155], "PKU": [-0.039052759587068, 0.24903471251757064], "AMU": [0.25704996437931715, 0.24903482205093397], "UFC": [-0.057485857618608395, 0.24903465428446198], "IPN": [-0.22505492084356774, 0.24903484512452667], "CUUI": [0.15456577284125303, 0.2490349394039449], "UMC": [-0.0357987984101292, 0.24903520176724434], "CAMB": [0.2180074038947887, 0.24903476941825958], "INPUT": [-0.02169449654993985, 0.24903470479817377], "POST": [0.14046532198825454, 0.2490350368552385], "NTHU": [-0.29771259873715705, 0.24903519069446228], "RAC": [0.052057556270034895, 0.24903493467282584]}