{"IITB": [-0.045563747727535, 0.2490350293350031], "data_points": [26266, 1.0], "SJTU": [-0.11009414844731731, 0.2490347846018855], "PKU": [-0.061830125065808504, 0.24903525720444028], "AMU": [0.22994932639025667, 0.24903502543223607], "UFC": [-0.06834519948889765, 0.24903509257324175], "IPN": [-0.2396968067328055, 0.24903508779835642], "CUUI": [0.1686571342877355, 0.2490349352605269], "UMC": [0.033081466605752556, 0.24903515787115382], "CAMB": [0.2082511077851004, 0.2490352396966415], "INPUT": [-0.07430499793886322, 0.24903482212408407], "POST": [0.17355358989679032, 0.2490348250671555], "NTHU": [-0.31507174521673253, 0.2490350156454008], "RAC": [0.10141405429687556, 0.24903519351437103]}