{"IITB": [-0.05207507844108801, 0.24903542147717356], "data_points": [26266, 1.0], "SJTU": [-0.11389448694618122, 0.2490360641296331], "PKU": [-0.031458409915576996, 0.24903605785095012], "AMU": [0.22993917321514354, 0.2490361767627431], "UFC": [-0.08134540536532701, 0.24903595478676363], "IPN": [-0.20879559530579822, 0.24903597938369693], "CUUI": [0.15023526135567655, 0.2490362517787585], "UMC": [0.010302154565883829, 0.24903603119689133], "CAMB": [0.2630274031660766, 0.24903595509108503], "INPUT": [-0.09166521796527799, 0.24903594569381624], "POST": [0.15672942913498414, 0.24903582551472775], "NTHU": [-0.3058529102615699, 0.24903602836012279], "RAC": [0.07485384074479749, 0.24903603007637803]}