{"IITB": [-0.05262254904949332, 0.24903680275514878], "data_points": [26266, 1.0], "SJTU": [-0.09003485773681229, 0.24903671567478045], "PKU": [-0.029819395424270097, 0.2490368036527006], "AMU": [0.213675253232064, 0.24903665867294977], "UFC": [-0.07050833944645013, 0.24903690184626273], "IPN": [-0.21963987619716926, 0.24903678054797096], "CUUI": [0.1778834679769524, 0.24903678280056418], "UMC": [-0.02170346255402003, 0.24903645473364341], "CAMB": [0.20120990483206233, 0.24903700195755385], "INPUT": [-0.04501152033525753, 0.24903693793641044], "POST": [0.1106370691368538, 0.2490368701971769], "NTHU": [-0.3145299850333157, 0.24903654507295156], "RAC": [0.14046438191082772, 0.2490368794829908]}