{"IITB": [-0.04014241924548047, 0.24903576080466422], "data_points": [26266, 1.0], "SJTU": [-0.11825476556177247, 0.24903521286927038], "PKU": [-0.013029102649476182, 0.24903541080134722], "AMU": [0.23319968097268698, 0.24903574632134762], "UFC": [-0.11715612247710519, 0.2490358537653617], "IPN": [-0.24892632778046453, 0.24903564108471582], "CUUI": [0.1838602399468124, 0.24903585506115375], "UMC": [0.024951494898684035, 0.24903563180631058], "CAMB": [0.21531131909786316, 0.2490358062129141], "INPUT": [-0.05532739516322678, 0.2490355515080436], "POST": [0.16379304472795408, 0.24903565932849464], "NTHU": [-0.33242787303458693, 0.24903585239964518], "RAC": [0.10414830472579449, 0.24903561032534982]}