{"IITB": [-0.022783575921615794, 0.2490342689859776], "data_points": [26266, 1.0], "SJTU": [-0.1648749865715784, 0.24903436869082493], "PKU": [-0.05315283423336267, 0.24903437233582237], "AMU": [0.18546801779454292, 0.24903448947682552], "UFC": [-0.07050686946327346, 0.24903454053785104], "IPN": [-0.17516432008501723, 0.2490334526901335], "CUUI": [0.15456403370478658, 0.24903448708930465], "UMC": [-0.0016290353897771938, 0.24903437447265817], "CAMB": [0.24837892906564676, 0.24903448160809374], "INPUT": [-0.05856871729150359, 0.24903416652102578], "POST": [0.15727560090334886, 0.2490343697652168], "NTHU": [-0.3145219504120075, 0.24903430375335533], "RAC": [0.11551566244965256, 0.24903428557515495]}