{"IITB": [-0.016827634302025066, 0.24903640492225537], "data_points": [26266, 1.0], "SJTU": [-0.11823109631718613, 0.24903619430298474], "PKU": [-0.05315544140982868, 0.24903608084638298], "AMU": [0.2125881316879314, 0.24903618140060135], "UFC": [-0.09165157396159902, 0.24903630346577385], "IPN": [-0.16216136214066812, 0.24903651126122672], "CUUI": [0.11172067496387762, 0.24903597589896706], "UMC": [0.04663704192429855, 0.24903656173795644], "CAMB": [0.20012864303118016, 0.24903641678163455], "INPUT": [-0.04177467516045816, 0.24903640445656855], "POST": [0.16323949646641334, 0.24903660313741938], "NTHU": [-0.3470597979586228, 0.2490364843146023], "RAC": [0.09654771977198749, 0.2490364955640248]}