{"IITB": [-0.0341691944445852, 0.24903527591213998], "data_points": [26266, 1.0], "SJTU": [-0.14968417701561249, 0.24903562248363387], "PKU": [-0.054782993627658004, 0.24903525456142217], "AMU": [0.22126997021296319, 0.2490353425889305], "UFC": [-0.0753968043199951, 0.24903565084574034], "IPN": [-0.21585342001829974, 0.24903554538064962], "CUUI": [0.15837055971375164, 0.24903545995297516], "UMC": [0.03525371757699095, 0.24903503396790258], "CAMB": [0.2548867128649404, 0.24903502173892875], "INPUT": [-0.08624325823353304, 0.24903567972710453], "POST": [0.1773541449448662, 0.24903559794678404], "NTHU": [-0.3058498582285064, 0.24903554634578087], "RAC": [0.07484462980180273, 0.2490354921353419]}