{"IITB": [-0.003258401569072151, 0.24903480682950385], "data_points": [26266, 1.0], "SJTU": [-0.09871077085828867, 0.2490343494131842], "PKU": [-0.05532396557041386, 0.24903485466617933], "AMU": [0.19145131450965408, 0.24903478819753264], "UFC": [-0.10738925025379324, 0.24903349800154098], "IPN": [-0.20120776135101093, 0.2490345888559525], "CUUI": [0.16324183825470168, 0.24903467924564823], "UMC": [0.00867192991920082, 0.24903432106053905], "CAMB": [0.2256137888627711, 0.2490346390119285], "INPUT": [-0.07864903405327527, 0.24903482260951523], "POST": [0.1860176511879184, 0.24903492421632623], "NTHU": [-0.31452964798629557, 0.24903480309453385], "RAC": [0.0840724281819304, 0.24903486981949544]}