{"IITB": [-0.054774631381220816, 0.2490357585258992], "data_points": [26266, 1.0], "SJTU": [-0.09979350767480309, 0.24903589893557868], "PKU": [-0.04718726395369845, 0.24903603257173637], "AMU": [0.2787480577051811, 0.24903573014229943], "UFC": [-0.06779524337332762, 0.24903609858132267], "IPN": [-0.18331267507732749, 0.2490362079576309], "CUUI": [0.17789292576332122, 0.24903616924055308], "UMC": [-0.008137324831454455, 0.24903600840012413], "CAMB": [0.1822253725346639, 0.24903626647173402], "INPUT": [-0.08190396625924769, 0.2490357416394323], "POST": [0.08461086738583118, 0.24903615058544432], "NTHU": [-0.28307055273833365, 0.2490362187653358], "RAC": [0.10249814201139475, 0.2490361973935682]}