{"IITB": [-0.06726185803470705, 0.2490367378565002], "data_points": [26266, 1.0], "SJTU": [-0.15674752024966188, 0.24903639148286139], "PKU": [-0.01789809439243731, 0.24903640056866805], "AMU": [0.2082537688224341, 0.24903643157134972], "UFC": [-0.05749747656138101, 0.2490356421140714], "IPN": [-0.24079135577591637, 0.24903656248112505], "CUUI": [0.14210648856186384, 0.2490367357489009], "UMC": [0.03633590361419087, 0.24903651439975508], "CAMB": [0.2120532256912288, 0.24903655956102544], "INPUT": [-0.02550670217621661, 0.24903665454664986], "POST": [0.15078049624557394, 0.24903651517460862], "NTHU": [-0.30911399640218135, 0.24903636894027514], "RAC": [0.12528729793465307, 0.24903648789283075]}