{"IITB": [-0.024961741817335743, 0.24903631177013497], "data_points": [26266, 1.0], "SJTU": [-0.10576160932293283, 0.2490365086311027], "PKU": [-0.06779324272152434, 0.24903633843054301], "AMU": [0.2321090031181279, 0.24903624959755627], "UFC": [-0.07321884709158492, 0.24903588430499232], "IPN": [-0.19685964961992847, 0.2490363809785268], "CUUI": [0.16378111933330283, 0.24903636282009783], "UMC": [3.832125150414405e-06, 0.2490364890746191], "CAMB": [0.20988056163426325, 0.24903631085136285], "INPUT": [-0.04124080140592659, 0.24903611914056253], "POST": [0.1410082155610765, 0.24903649848707854], "NTHU": [-0.35302384712716, 0.24903654558571228], "RAC": [0.11607705876660902, 0.24903647251782013]}