{"IITB": [-0.08245266557299709, 0.2490367443716113], "data_points": [26266, 1.0], "SJTU": [-0.10087589475357824, 0.2490369825912241], "PKU": [-0.07431303047640936, 0.24903688929590168], "AMU": [0.2825602148380397, 0.24903715305982266], "UFC": [-0.09654704694154725, 0.2490368921549279], "IPN": [-0.19036476538006644, 0.2490370975128645], "CUUI": [0.1805981243510269, 0.24903641749454142], "UMC": [0.01409138984094518, 0.2490367678925019], "CAMB": [0.27116953310055114, 0.24903698625958812], "INPUT": [-0.07647926427490483, 0.2490369173568557], "POST": [0.12746860505203708, 0.2490365518972175], "NTHU": [-0.3595385382921249, 0.24903702848492087], "RAC": [0.10468338368407694, 0.2490371068382206]}