{"IITB": [-0.05857218481771344, 0.24903520026719536], "data_points": [26266, 1.0], "SJTU": [-0.11389081368007246, 0.24903571713142483], "PKU": [-0.04772807921992682, 0.24903540888549275], "AMU": [0.17409043841585714, 0.24903588902062054], "UFC": [-0.05152638185715032, 0.24903579870168097], "IPN": [-0.24891950089528503, 0.2490358389291629], "CUUI": [0.1941557379902595, 0.24903569281330912], "UMC": [0.001081317252110951, 0.24903584196761228], "CAMB": [0.214213348674971, 0.24903585052130173], "INPUT": [-0.06725770284389072, 0.24903577283334583], "POST": [0.21204531877035795, 0.24903584989983388], "NTHU": [-0.27277493414039794, 0.2490356552650076], "RAC": [0.06508348079771407, 0.24903583120570336]}