{"IITB": [0.0027004328171659504, 0.2490364967643139], "data_points": [26266, 1.0], "SJTU": [-0.1030505072392428, 0.2490374985880716], "PKU": [-0.09327950085657104, 0.24903755083311088], "AMU": [0.23266104770958732, 0.24903757621360328], "UFC": [-0.08678484297114578, 0.24903767984378236], "IPN": [-0.2386315647776257, 0.2490374476893653], "CUUI": [0.14481122433557797, 0.24903770396446434], "UMC": [0.01139125098796002, 0.24903765575422437], "CAMB": [0.24730034063977996, 0.2490378177009596], "INPUT": [-0.07159679607676023, 0.24903733938753767], "POST": [0.15674425067225775, 0.24903759096437442], "NTHU": [-0.3150846985333959, 0.24903757023853546], "RAC": [0.11281946079443145, 0.24903756339444982]}