{"IITB": [-0.03635067650791906, 0.24903606541236298], "data_points": [26266, 1.0], "SJTU": [-0.10250481896507596, 0.2490359590150764], "PKU": [-0.04448135031921324, 0.24903597355781265], "AMU": [0.21258839313842673, 0.24903568085843725], "UFC": [-0.12203221483956088, 0.24903615687341765], "IPN": [-0.25325988903000246, 0.2490357249503134], "CUUI": [0.18276427389701438, 0.24903548682636323], "UMC": [0.07050713301083925, 0.24903605869541068], "CAMB": [0.21964626549685923, 0.24903608909322886], "INPUT": [-0.0368843561891534, 0.24903577784265538], "POST": [0.10358489264677434, 0.24903597218482615], "NTHU": [-0.3150716455768662, 0.24903607192333627], "RAC": [0.12149389105912879, 0.24903594024123757]}