{"IITB": [-0.012483849328468917, 0.24903411768592554], "data_points": [26266, 1.0], "SJTU": [-0.08352722566907024, 0.2490339963955357], "PKU": [-0.026584477627586325, 0.2490341307355063], "AMU": [0.19903208095011016, 0.24903410034015142], "UFC": [-0.0949159066648149, 0.24903384736872194], "IPN": [-0.21637976410502888, 0.2490340042939409], "CUUI": [0.1513084944571882, 0.2490340776385309], "UMC": [0.02929069916275074, 0.2490342356016953], "CAMB": [0.18763401392114545, 0.24903414386802145], "INPUT": [-0.06128936302602854, 0.24903403905027063], "POST": [0.1258271809383842, 0.24903414118461242], "NTHU": [-0.3118067486141851, 0.24903420379283864], "RAC": [0.11389482515906575, 0.24903431165624598]}