{"IITB": [-0.011400911395782472, 0.24903639901378166], "data_points": [26266, 1.0], "SJTU": [-0.14589278057816338, 0.24903637980379348], "PKU": [-0.05205974203187318, 0.24903664199360806], "AMU": [0.24025321943402891, 0.24903658237026596], "UFC": [-0.056410365583518744, 0.2490363570780342], "IPN": [-0.18276417166487177, 0.24903651153244885], "CUUI": [0.15294727333580035, 0.24903659432787179], "UMC": [0.010303813101367396, 0.24903662205467267], "CAMB": [0.20282935623999537, 0.2490362723819567], "INPUT": [-0.06887823177198263, 0.24903642811831714], "POST": [0.12364393877718055, 0.24903661090099538], "NTHU": [-0.3139891121864585, 0.24903637708255194], "RAC": [0.10141781570883565, 0.2490366805142398]}