{"IITB": [-0.02820170384876773, 0.24903397310464792], "data_points": [26266, 1.0], "SJTU": [-0.09761829652098222, 0.24903417361275829], "PKU": [-0.03254288097123761, 0.24903417307900239], "AMU": [0.2223419809924446, 0.24903417314855394], "UFC": [-0.09274250956797397, 0.2490343283763266], "IPN": [-0.25380042561569394, 0.2490342262281568], "CUUI": [0.1415486788405285, 0.24903391831173938], "UMC": [0.014639566664772327, 0.2490343129086403], "CAMB": [0.2597686949501634, 0.2490343147416206], "INPUT": [-0.052070590711987066, 0.24903412677336506], "POST": [0.09436795981640954, 0.24903432318834753], "NTHU": [-0.2711446548707937, 0.2490341468751235], "RAC": [0.09545418218530782, 0.2490339302906093]}