{"IITB": [-0.028211777899711157, 0.24903583492953948], "data_points": [26266, 1.0], "SJTU": [-0.11606243629299924, 0.24903659721969576], "PKU": [-0.03634578124434263, 0.2490365430035522], "AMU": [0.2554292173946308, 0.24903643041771897], "UFC": [-0.1030486675335334, 0.24903649441001316], "IPN": [-0.1860187235740482, 0.24903651153931206], "CUUI": [0.1523959136609849, 0.24903660312149792], "UMC": [-0.029835808919571515, 0.24903650953495773], "CAMB": [0.2646551998497899, 0.24903665121787555], "INPUT": [-0.09545518386397385, 0.2490366243292396], "POST": [0.1399285483915415, 0.24903598107941802], "NTHU": [-0.3069220097953472, 0.2490364885114085], "RAC": [0.08949150591361049, 0.2490365831259024]}