{"IITB": [-0.034172127619407085, 0.24903526431910888], "data_points": [26266, 1.0], "SJTU": [-0.09546377922035665, 0.2490348601279406], "PKU": [-0.048811727371474156, 0.24903525644072502], "AMU": [0.17842629066560375, 0.24903527582162097], "UFC": [-0.07430961600794156, 0.24903527067243786], "IPN": [-0.2082419749721527, 0.24903545381241787], "CUUI": [0.1708357662033967, 0.24903533288226468], "UMC": [-0.007045948367549598, 0.2490349828157609], "CAMB": [0.25760636936447445, 0.2490351822725487], "INPUT": [-0.05532998608848325, 0.24903509201275956], "POST": [0.1458815739675284, 0.24903537094451678], "NTHU": [-0.32320341347195264, 0.24903516167250153], "RAC": [0.09382860927836931, 0.24903510228873676]}