{"IITB": [-0.07431186744766215, 0.24903514559082585], "data_points": [26266, 1.0], "SJTU": [-0.11660043601851879, 0.24903553812424234], "PKU": [0.008682320973088, 0.24903534846436637], "AMU": [0.23320016722494752, 0.24903548430064987], "UFC": [-0.09492328545648325, 0.24903510664790318], "IPN": [-0.23590846263901097, 0.24903541307318958], "CUUI": [0.1849350731291051, 0.24903545766511917], "UMC": [0.012477754218987508, 0.24903561813354205], "CAMB": [0.216935281745215, 0.24903564850061466], "INPUT": [-0.06237384669132465, 0.2490356445180035], "POST": [0.1307053605123482, 0.2490352340553321], "NTHU": [-0.27982750859294925, 0.24903559541400397], "RAC": [0.07700967550662666, 0.2490354355949684]}