{"IITB": [-0.05641466397464291, 0.24903519395356144], "data_points": [26266, 1.0], "SJTU": [-0.10901726545456508, 0.24903526604270157], "PKU": [-0.0455482790966298, 0.2490355131281775], "AMU": [0.22886478339299693, 0.24903534752631112], "UFC": [-0.07647479362122768, 0.2490354016283182], "IPN": [-0.22180883725077188, 0.24903537832400538], "CUUI": [0.1507726779761659, 0.24903553834434097], "UMC": [0.02493445065605777, 0.2490349170824602], "CAMB": [0.20228505195381283, 0.24903539652164602], "INPUT": [-0.05098712541322664, 0.24903526211029192], "POST": [0.13505551715239555, 0.2490355518926791], "NTHU": [-0.3172397656691202, 0.2490353164708275], "RAC": [0.13557829753278394, 0.2490353621092417]}