{"IITB": [-0.01844710005259431, 0.24903669226571507], "data_points": [26266, 1.0], "SJTU": [-0.11389165944000475, 0.2490366326726038], "PKU": [-0.0851627413040667, 0.24903659371701356], "AMU": [0.22235642876396058, 0.24903654546012333], "UFC": [-0.07592581746265463, 0.24903649996821267], "IPN": [-0.1659533750811894, 0.24903642257958863], "CUUI": [0.19577863206353574, 0.24903672407128558], "UMC": [0.035786801988736947, 0.2490365754767353], "CAMB": [0.2646436133876917, 0.2490366849676713], "INPUT": [-0.07809333061502607, 0.24903638656061738], "POST": [0.07376682624566201, 0.24903664958330438], "NTHU": [-0.3752563224894587, 0.24903660091634452], "RAC": [0.12039798185832078, 0.2490363823760031]}