{"IITB": [-0.0569680986506226, 0.2490355431419353], "data_points": [26266, 1.0], "SJTU": [-0.11172458321140251, 0.2490355136141], "PKU": [-0.0922003754932745, 0.24903522358959562], "AMU": [0.20338100468689702, 0.2490353667610859], "UFC": [-0.053151674354397854, 0.24903544329435456], "IPN": [-0.20771523166968103, 0.24903545719123807], "CUUI": [0.18060444910391724, 0.24903559352124746], "UMC": [0.03416266161986553, 0.24903564072632114], "CAMB": [0.25164438746286655, 0.24903555384656106], "INPUT": [-0.05478675397988345, 0.24903544581110634], "POST": [0.14968828637893047, 0.24903525045720096], "NTHU": [-0.2988021700120179, 0.24903563341650714], "RAC": [0.055868195251944024, 0.2490356179373678]}