{"IITB": [-0.06780900441808392, 0.2490337722438349], "data_points": [26266, 1.0], "SJTU": [-0.15186356109752513, 0.249034135998024], "PKU": [-0.05315175403451806, 0.249034201803991], "AMU": [0.24242412379248052, 0.24903407518885848], "UFC": [-0.08732168601682391, 0.2490339256944557], "IPN": [-0.19306913272396678, 0.24903436817784183], "CUUI": [0.16161798642475295, 0.24903434694076257], "UMC": [0.04555291318508735, 0.2490340381829224], "CAMB": [0.228326525223405, 0.2490342622538045], "INPUT": [-0.0688861383226973, 0.24903427813550233], "POST": [0.14427671104552017, 0.2490342214618186], "NTHU": [-0.2912082589550926, 0.24903416406482332], "RAC": [0.09111129657445666, 0.24903433409995582]}