{"IITB": [-0.06779456539657532, 0.24903333013389573], "data_points": [26266, 1.0], "SJTU": [-0.08569934736105256, 0.24903353662549266], "PKU": [-0.07375588390080161, 0.24903368007267415], "AMU": [0.2055463861975151, 0.24903382280438632], "UFC": [-0.07864253977928505, 0.24903372765192], "IPN": [-0.21965012263595035, 0.24903361320213108], "CUUI": [0.16324620862475667, 0.24903386783626913], "UMC": [-0.01571971140410005, 0.24903379000348], "CAMB": [0.2462105831305262, 0.24903363708861803], "INPUT": [-0.061295316388882415, 0.2490337840659322], "POST": [0.15999094832693342, 0.24903361295134832], "NTHU": [-0.290130258466473, 0.24903376662910193], "RAC": [0.11769379365551663, 0.24903351919806457]}