{"IITB": [-0.0645381506731466, 0.24903682613324654], "data_points": [26266, 1.0], "SJTU": [-0.08460971392637624, 0.24903681333869832], "PKU": [-0.031458718600147206, 0.24903669352960187], "AMU": [0.3069335782192371, 0.24903691775755063], "UFC": [-0.0867727267816673, 0.2490365842515466], "IPN": [-0.19469638790860547, 0.2490369830589312], "CUUI": [0.17625163377372757, 0.24903685310754067], "UMC": [-0.02061237293078212, 0.2490370393790547], "CAMB": [0.19361806472238405, 0.24903691176759918], "INPUT": [-0.06833079149327743, 0.24903699808284258], "POST": [0.11660418407935878, 0.24903676104759112], "NTHU": [-0.318323840370863, 0.24903689401601137], "RAC": [0.07593520472257607, 0.24903693867679622]}