{"IITB": [-0.05585989417023829, 0.24903541690975733], "data_points": [26266, 1.0], "SJTU": [-0.10250790724439714, 0.24903568068063306], "PKU": [-0.03201162497495063, 0.2490356345655086], "AMU": [0.2012030022706356, 0.2490358425133217], "UFC": [-0.06779860185966007, 0.24903599633059537], "IPN": [-0.20228874223217747, 0.24903589877033172], "CUUI": [0.1513125246036605, 0.24903598400690655], "UMC": [0.013019290891835737, 0.24903608591235346], "CAMB": [0.19632930316882313, 0.24903594913030325], "INPUT": [-0.05640725230940991, 0.24903607812635664], "POST": [0.13775842127969382, 0.2490357992634451], "NTHU": [-0.28850033513398465, 0.24903584573681153], "RAC": [0.10575173424127615, 0.24903596444182868]}