{"IITB": [-0.030368392441577425, 0.24903451156555295], "data_points": [26266, 1.0], "SJTU": [-0.09328259417135015, 0.24903434381242373], "PKU": [-0.06888875261113021, 0.24903483453158634], "AMU": [0.26626392168691865, 0.2490347904355592], "UFC": [-0.06996875702977347, 0.24903439709449113], "IPN": [-0.19631717812274013, 0.24903470330314714], "CUUI": [0.12203403137501667, 0.24903461102644633], "UMC": [0.016812236795953377, 0.24903470872275588], "CAMB": [0.16107451452677501, 0.24903478676966043], "INPUT": [-0.07918698916847629, 0.24903387159979432], "POST": [0.14262948470741643, 0.24903470103973846], "NTHU": [-0.28577421495655964, 0.24903459475471157], "RAC": [0.11497271362710446, 0.24903477673925503]}