{"IITB": [-0.0363469126810847, 0.24903507132928265], "data_points": [26266, 1.0], "SJTU": [-0.10738620351870108, 0.2490349221858414], "PKU": [-0.0347001384807278, 0.2490347636800217], "AMU": [0.2337303446273073, 0.24903502723907336], "UFC": [-0.07160358992131302, 0.24903500652500044], "IPN": [-0.24944821350470425, 0.24903512641339665], "CUUI": [0.18656223181865103, 0.24903519902383353], "UMC": [0.0010864923934613485, 0.24903484253198618], "CAMB": [0.22343418249526123, 0.24903500858668887], "INPUT": [-0.10304498250517766, 0.24903498520283082], "POST": [0.10466972472187684, 0.24903507046462564], "NTHU": [-0.25488011999028376, 0.24903490224411928], "RAC": [0.10792727575926517, 0.24903492112749795]}