{"IITB": [-0.03471474538137561, 0.24903622599140277], "data_points": [26266, 1.0], "SJTU": [-0.10902507863158954, 0.24903633311683018], "PKU": [-0.10250393842645557, 0.24903610700661918], "AMU": [0.2098900947425322, 0.24903634229543456], "UFC": [-0.09328559185403977, 0.24903638043890577], "IPN": [-0.20771279337897722, 0.24903649547154658], "CUUI": [0.16108414112543162, 0.24903644553404305], "UMC": [0.027109634122705437, 0.24903622259026598], "CAMB": [0.27061709111179866, 0.24903611390888783], "INPUT": [-0.09436668019105833, 0.24903628970364114], "POST": [0.13884436826733818, 0.24903648050142235], "NTHU": [-0.26843972375149316, 0.24903627275564041], "RAC": [0.10250328289894059, 0.2490361468958465]}