{"IITB": [-0.0395956521500898, 0.24903563441108015], "data_points": [26266, 1.0], "SJTU": [-0.12853951403600108, 0.24903546543797658], "PKU": [-0.06020414169929344, 0.24903611782294086], "AMU": [0.2554439158189415, 0.2490357377477738], "UFC": [-0.07701468961861935, 0.2490357277520726], "IPN": [-0.21584890528697462, 0.24903596509836978], "CUUI": [0.1946941508960474, 0.24903609461025672], "UMC": [0.03145136990161829, 0.24903595549767607], "CAMB": [0.23428193135616593, 0.24903603030118915], "INPUT": [-0.0965254694583006, 0.24903606865374417], "POST": [0.12799314967697523, 0.24903619140078015], "NTHU": [-0.3259252436726421, 0.2490359820743705], "RAC": [0.09978908088532047, 0.24903614497512105]}