{"IITB": [-0.06454759068067563, 0.24903704776564717], "data_points": [26266, 1.0], "SJTU": [-0.12366457490275924, 0.24903722065336067], "PKU": [-0.05586143848874994, 0.24903728111293766], "AMU": [0.22994426362011164, 0.24903723779386688], "UFC": [-0.05315233217647299, 0.24903729373008418], "IPN": [-0.18113465733482909, 0.24903708202884922], "CUUI": [0.1616235876057605, 0.24903722500613867], "UMC": [0.005417443525604443, 0.24903707307931613], "CAMB": [0.20555338980886517, 0.24903726828368777], "INPUT": [-0.07105508085453645, 0.24903719946484038], "POST": [0.17300321857853673, 0.2490367959479603], "NTHU": [-0.321033096266175, 0.249037203920932], "RAC": [0.09490690332319955, 0.2490372649893451]}