{"IITB": [-0.018996187893379608, 0.24903562704038318], "data_points": [26266, 1.0], "SJTU": [-0.10629363368174301, 0.24903573906665588], "PKU": [-0.05206484084253359, 0.24903567659178721], "AMU": [0.192525293206487, 0.24903557134029208], "UFC": [-0.06995959263461954, 0.24903496452360008], "IPN": [-0.15294365427933823, 0.24903555369443162], "CUUI": [0.2115133583790023, 0.24903537065682393], "UMC": [0.018979807107233553, 0.24903564554339838], "CAMB": [0.23320138055609396, 0.2490356431682463], "INPUT": [-0.083534310952782, 0.24903506410308168], "POST": [0.10737891222102426, 0.2490356501115519], "NTHU": [-0.2987863786787091, 0.249035633065775], "RAC": [0.018979795128684005, 0.24903498303953878]}