{"IITB": [-0.06074070545875521, 0.24903636339225044], "data_points": [26266, 1.0], "SJTU": [-0.07158975605351786, 0.24903627733341885], "PKU": [-0.07592490564468213, 0.24903636916493474], "AMU": [0.23915722358822444, 0.24903619705513208], "UFC": [-0.06888462750642707, 0.24903598013506917], "IPN": [-0.24621585945817395, 0.24903617100154893], "CUUI": [0.19632660339959868, 0.24903638065885775], "UMC": [0.007046823726777911, 0.24903623134944922], "CAMB": [0.20824685848505226, 0.24903601146598445], "INPUT": [-0.04448117520918056, 0.24903621045089358], "POST": [0.1426361608308549, 0.24903634768286803], "NTHU": [-0.30964278701733106, 0.2490360036529384], "RAC": [0.08406622916055256, 0.24903578364414866]}