{"IITB": [-0.016275014733680645, 0.24903417099023858], "data_points": [26266, 1.0], "SJTU": [-0.11334471424371441, 0.2490338981475924], "PKU": [-0.05151667412903685, 0.24903329061151894], "AMU": [0.22016796317885168, 0.2490341724690873], "UFC": [-0.08677269292181114, 0.24903409337389865], "IPN": [-0.19035020393794597, 0.2490341566263534], "CUUI": [0.1144227533386004, 0.24903420670073959], "UMC": [0.033631429643238925, 0.24903405926984756], "CAMB": [0.2570407663126076, 0.24903418776486042], "INPUT": [-0.0640015942828509, 0.24903409295027548], "POST": [0.07538656366575369, 0.24903414923639916], "NTHU": [-0.2798147517242621, 0.2490340349124434], "RAC": [0.101426226830047, 0.24903422258078478]}