{"src": [-3.0154880822829453, 0.2437922080371502], "refCrwdMinimal": [0.062259444897917245, 0.24379225882731714], "refCrwdFluent": [1.0592906005101566, 0.2437937159623555], "refNUCLE": [0.5604138982668718, 0.2437866408081094], "data_points": [7796, 1.0], "refExptMinimal": [0.30671100900211107, 0.24379212579731077], "refExptFluent": [1.0267857738154909, 0.24379055117332268]}