{"src": [-2.982074734259221, 0.24380775541280703], "refCrwdMinimal": [-0.05085178485440332, 0.24380622646320302], "refCrwdFluent": [0.9877183964500479, 0.24380546352036264], "refNUCLE": [0.5574290792765555, 0.2437972650719202], "data_points": [7796, 1.0], "refExptMinimal": [0.31281567949548544, 0.2438084014110405], "refExptFluent": [1.1749409009553284, 0.24380733901637983]}