{"src": [-2.7976803090908517, 0.24378226615903345], "refCrwdMinimal": [-0.014227274476850552, 0.24377911282346937], "refCrwdFluent": [0.8993249152009668, 0.24378406663976412], "refNUCLE": [0.6010775327462425, 0.24378020048236745], "data_points": [7796, 1.0], "refExptMinimal": [0.19045728889193045, 0.24378197961086764], "refExptFluent": [1.1210256176655982, 0.2437832823718532]}