{"src": [-2.9871639632415237, 0.2437953181447039], "refCrwdMinimal": [0.0045220385437422985, 0.24379211110328303], "refCrwdFluent": [0.8625291594546947, 0.24379420464089], "refNUCLE": [0.46232288432067725, 0.24378307614921024], "data_points": [7796, 1.0], "refExptMinimal": [0.25999649549472664, 0.243793368782384], "refExptFluent": [1.3977677163134727, 0.243791604965597]}