{"src": [-2.967421928852294, 0.2438150622139724], "refCrwdMinimal": [-0.02441854418374247, 0.24381673699322082], "refCrwdFluent": [1.0390122577399712, 0.24381659320843807], "refNUCLE": [0.6073293263455622, 0.24380996256337192], "data_points": [7796, 1.0], "refExptMinimal": [0.22394656421044046, 0.2438126439885636], "refExptFluent": [1.121527274728962, 0.2438145763843017]}