{"src": [-2.871011386625997, 0.24378292487067688], "refCrwdMinimal": [-0.03001668743122997, 0.24378095819353554], "refCrwdFluent": [0.9659738257197598, 0.24378241379046653], "refNUCLE": [0.578922613237583, 0.243782517028089], "data_points": [7796, 1.0], "refExptMinimal": [0.25053240229433127, 0.24377793655159835], "refExptFluent": [1.1055801935342555, 0.24378032681690387]}