{"src": [-2.897763892855626, 0.24380523698873732], "refCrwdMinimal": [0.013051477741119439, 0.24380492965225928], "refCrwdFluent": [0.877771422373574, 0.2438041466717881], "refNUCLE": [0.44808095836999245, 0.24380445860209352], "data_points": [7796, 1.0], "refExptMinimal": [0.2931640248121871, 0.24380491483341032], "refExptFluent": [1.26567632460999, 0.24380402075918292]}