{"src": [-2.8816411365831347, 0.2437961550324412], "refCrwdMinimal": [0.0413011818105296, 0.2437971770017805], "refCrwdFluent": [1.0710773913419687, 0.24379501966495953], "refNUCLE": [0.5034092838750539, 0.2437948306153626], "data_points": [7796, 1.0], "refExptMinimal": [0.24019249215161506, 0.24377824013963903], "refExptFluent": [1.025637964447085, 0.24379570967548606]}