{"src": [-2.9441244665837987, 0.24380058255880663], "refCrwdMinimal": [0.012399927018091028, 0.24379872698685046], "refCrwdFluent": [0.9868454541791183, 0.2438016328028219], "refNUCLE": [0.5432412065244893, 0.24379809027024793], "data_points": [7796, 1.0], "refExptMinimal": [0.3565544084061653, 0.24380087494903385], "refExptFluent": [1.0450632043109847, 0.24379969036406035]}