{"src": [-3.0956254375197227, 0.24379210633198753], "refCrwdMinimal": [-0.048030623899352455, 0.24378721716451443], "refCrwdFluent": [0.9545354127500881, 0.24379071509398917], "refNUCLE": [0.5934706450515578, 0.24378715540809193], "data_points": [7796, 1.0], "refExptMinimal": [0.38170167756154116, 0.24379287277508777], "refExptFluent": [1.2139266627825762, 0.24379094767700174]}