{"src": [-2.925197437375025, 0.24379130172490496], "refCrwdMinimal": [-0.06551717890258836, 0.24379154324841731], "refCrwdFluent": [1.0078459557408752, 0.2437912430299736], "refNUCLE": [0.5044537905068275, 0.2437851724690379], "data_points": [7796, 1.0], "refExptMinimal": [0.21905055590319275, 0.24379223884057571], "refExptFluent": [1.2593489155434436, 0.24379046788764433]}