{"src": [-2.8962324325482274, 0.24379897145438548], "refCrwdMinimal": [0.029265555661924424, 0.24380051734368474], "refCrwdFluent": [0.9444815972863414, 0.2437971531879381], "refNUCLE": [0.48586526257115714, 0.2438000268617199], "data_points": [7796, 1.0], "refExptMinimal": [0.24232787236933115, 0.24379202343194434], "refExptFluent": [1.194273341460855, 0.24379887257045874]}