{"src": [-2.9034309744161155, 0.24378974577375562], "refCrwdMinimal": [-0.07729677876191203, 0.24379011057543734], "refCrwdFluent": [0.9880630779814794, 0.24378920780098487], "refNUCLE": [0.5031675494971866, 0.24378313167991222], "data_points": [7796, 1.0], "refExptMinimal": [0.3122395501229289, 0.24378594527102973], "refExptFluent": [1.1772420150238074, 0.24378809187807288]}