{"src": [-3.0462234566585593, 0.2438130854316558], "refCrwdMinimal": [0.04014303115054011, 0.24381292269755686], "refCrwdFluent": [0.9585132501469731, 0.24381392364641244], "refNUCLE": [0.5368641711426919, 0.24381376476601274], "data_points": [7796, 1.0], "refExptMinimal": [0.34158564345187636, 0.24381334306625094], "refExptFluent": [1.1690934188355482, 0.2437978125996622]}