{"src": [-2.8905536292096405, 0.24379730353620777], "refCrwdMinimal": [-0.024979925095920515, 0.2437968061493416], "refCrwdFluent": [0.8550115758587571, 0.24379744095040262], "refNUCLE": [0.5735072921206864, 0.2437978577707793], "data_points": [7796, 1.0], "refExptMinimal": [0.3301728575284194, 0.24379270771716213], "refExptFluent": [1.1568213436507016, 0.2437984599446465]}