{"src": [-2.904939714039544, 0.24379826594592802], "refCrwdMinimal": [0.08401438554841661, 0.24379666478518466], "refCrwdFluent": [1.0432143659944355, 0.2437948335697332], "refNUCLE": [0.4481073647256699, 0.2437940831773586], "data_points": [7796, 1.0], "refExptMinimal": [0.27112829695311447, 0.24379686810592446], "refExptFluent": [1.0584546475845746, 0.24379668066214583]}