{"src": [-2.969596546476248, 0.2438098335033467], "refCrwdMinimal": [0.02799775087560705, 0.24380897034661764], "refCrwdFluent": [1.023640710598436, 0.24381098323578063], "refNUCLE": [0.5342428990690574, 0.24380017130766046], "data_points": [7796, 1.0], "refExptMinimal": [0.20305163715626126, 0.2438102203424095], "refExptFluent": [1.1806411544187394, 0.24381043895577098]}