{"src": [-2.988747166797627, 0.24380277682117946], "refCrwdMinimal": [0.057583349281160656, 0.243804486730577], "refCrwdFluent": [0.9572320333706216, 0.2438031581106567], "refNUCLE": [0.4854471488790544, 0.243802234787682], "data_points": [7796, 1.0], "refExptMinimal": [0.23145654464237791, 0.24379859979522625], "refExptFluent": [1.2570081006366318, 0.24380468039180342]}