{"src": [-3.0192404352294506, 0.24379954880773552], "refCrwdMinimal": [-0.0575835778127992, 0.24379623388318344], "refCrwdFluent": [1.0040355393184335, 0.24380018014243945], "refNUCLE": [0.5960290994364438, 0.24380200271171729], "data_points": [7796, 1.0], "refExptMinimal": [0.3158079132789157, 0.24380116109863123], "refExptFluent": [1.16092747372957, 0.2438006262231595]}