{"src": [-2.8603711347576803, 0.24379347532672307], "refCrwdMinimal": [-0.061403053732162156, 0.2437916201473413], "refCrwdFluent": [0.9026331814382206, 0.24379462759990045], "refNUCLE": [0.5522278018961059, 0.2437863053187642], "data_points": [7796, 1.0], "refExptMinimal": [0.29589199269945815, 0.24379415300750987], "refExptFluent": [1.1709995363813654, 0.2437951655141314]}