{"src": [-2.9195591786664394, 0.24379744388636856], "refCrwdMinimal": [-0.10863073163447677, 0.24379946552131085], "refCrwdFluent": [0.9958200656673395, 0.243796309514104], "refNUCLE": [0.5953854319201782, 0.24379787476434878], "data_points": [7796, 1.0], "refExptMinimal": [0.2149497722066175, 0.24379669735181594], "refExptFluent": [1.2220149211637563, 0.24379075416005855]}