{"src": [-2.965945890002228, 0.24380179336649344], "refCrwdMinimal": [-0.06825370382449111, 0.24379674196623638], "refCrwdFluent": [0.9506796702413935, 0.24380114148658055], "refNUCLE": [0.5568182055368505, 0.24379455060689492], "data_points": [7796, 1.0], "refExptMinimal": [0.2212743971062834, 0.2438021041538441], "refExptFluent": [1.3054066187606064, 0.24380136673613878]}