{"src": [-2.9282853157496733, 0.2437999358035256], "refCrwdMinimal": [-0.09262066584772473, 0.24379698335412006], "refCrwdFluent": [1.118298197668225, 0.24380141381601866], "refNUCLE": [0.49253565051006015, 0.24380121359168558], "data_points": [7796, 1.0], "refExptMinimal": [0.3333814639863841, 0.243795657883815], "refExptFluent": [1.0766685943952823, 0.24379984079640507]}