{"src": [-2.914079212133828, 0.24379342111239466], "refCrwdMinimal": [0.04691359321422733, 0.24379352221608735], "refCrwdFluent": [1.0125937352128984, 0.2437924668714662], "refNUCLE": [0.5013899725044759, 0.24379144566235375], "data_points": [7796, 1.0], "refExptMinimal": [0.24216769577089306, 0.24379190666666542], "refExptFluent": [1.1109903047510539, 0.2437949335422478]}