{"src": [-2.938833031724268, 0.24379336668271137], "refCrwdMinimal": [-0.03524559144587016, 0.24379172955217335], "refCrwdFluent": [0.8833970396789695, 0.24379410119492292], "refNUCLE": [0.5824450588963425, 0.2437943993156137], "data_points": [7796, 1.0], "refExptMinimal": [0.2798492264333403, 0.24378213471089705], "refExptFluent": [1.2283675281490891, 0.2437943093088916]}