{"src": [-2.940428562073472, 0.2437940751071922], "refCrwdMinimal": [0.06498738308427025, 0.24379122646434928], "refCrwdFluent": [0.9209113574726215, 0.24379503668693334], "refNUCLE": [0.5194549707938679, 0.24379555606954495], "data_points": [7796, 1.0], "refExptMinimal": [0.3425916955077969, 0.24379556890484724], "refExptFluent": [1.0924604651264824, 0.2437946169537938]}