{"src": [-2.946563622752865, 0.24380492497418213], "refCrwdMinimal": [-0.016108618044770654, 0.24379490903039872], "refCrwdFluent": [1.0869046927412886, 0.2438062453441062], "refNUCLE": [0.5068634264650694, 0.2438043315342529], "data_points": [7796, 1.0], "refExptMinimal": [0.16783941569381794, 0.24380452795079305], "refExptFluent": [1.2010442992461257, 0.2438056751539347]}