{"src": [-2.8477501729214616, 0.2438020672770632], "refCrwdMinimal": [0.04503411995729072, 0.24378403646833766], "refCrwdFluent": [0.9005762005046152, 0.243793378988983], "refNUCLE": [0.5260275710171757, 0.24380029301226114], "data_points": [7796, 1.0], "refExptMinimal": [0.18718103954369253, 0.24380248112445743], "refExptFluent": [1.1889109055554485, 0.24380114975925352]}