{"src": [-2.8700962650165485, 0.2437987695466602], "refCrwdMinimal": [-0.0383271797639998, 0.24379387859136473], "refCrwdFluent": [0.9595060749083923, 0.24379596091466368], "refNUCLE": [0.6628856514685422, 0.24379835584555268], "data_points": [7796, 1.0], "refExptMinimal": [0.1712098077843544, 0.2437999411145195], "refExptFluent": [1.1148023390337978, 0.24379866464365973]}