{"src": [-2.930163114847608, 0.2438046550073354], "refCrwdMinimal": [0.0013787344958783045, 0.24380447289887203], "refCrwdFluent": [1.0139640611121308, 0.2438032364770869], "refNUCLE": [0.5146030479973986, 0.24380242532333737], "data_points": [7796, 1.0], "refExptMinimal": [0.24079433144662601, 0.2438026870629823], "refExptFluent": [1.1594047349804129, 0.2438024119114685]}