{"src": [-2.9137866481275085, 0.2438023800765837], "refCrwdMinimal": [0.03321392814974946, 0.24380256027700878], "refCrwdFluent": [0.9777315851234811, 0.243800525604486], "refNUCLE": [0.6130527530021551, 0.24379871070026088], "data_points": [7796, 1.0], "refExptMinimal": [0.25065569436505536, 0.24379873041014033], "refExptFluent": [1.0391096314526858, 0.2437995818781362]}