{"src": [-2.92770573958838, 0.2437856952004619], "refCrwdMinimal": [-0.011841365300620004, 0.24377645035447085], "refCrwdFluent": [0.8150093677234311, 0.243785082344874], "refNUCLE": [0.5281279177133682, 0.2437855879781523], "data_points": [7796, 1.0], "refExptMinimal": [0.3237570996082531, 0.24378327381179224], "refExptFluent": [1.2726274590591389, 0.24378370617959547]}