{"src": [-2.8588815862461274, 0.24379254800223824], "refCrwdMinimal": [-0.12212224556793874, 0.24379345643155176], "refCrwdFluent": [1.0399025870926335, 0.24379102358426172], "refNUCLE": [0.5209988627490238, 0.2437925257483101], "data_points": [7796, 1.0], "refExptMinimal": [0.2409404580908805, 0.24379225162158738], "refExptFluent": [1.179141359346214, 0.24379238352085547]}