{"src": [-2.945871257289708, 0.24378696530426874], "refCrwdMinimal": [-0.043389561692548054, 0.2437879455481988], "refCrwdFluent": [1.0483383240536126, 0.24378780649841297], "refNUCLE": [0.5092675597590949, 0.2437848645422233], "data_points": [7796, 1.0], "refExptMinimal": [0.32094749469871847, 0.2437851341528902], "refExptFluent": [1.1106845434454127, 0.24378906362284447]}