{"src": [-2.9834334307693573, 0.24381239687599], "refCrwdMinimal": [0.05025211703046008, 0.24381074151262866], "refCrwdFluent": [1.041094641280219, 0.24381216488865587], "refNUCLE": [0.5437309086939506, 0.24380906360461585], "data_points": [7796, 1.0], "refExptMinimal": [0.3113065973569016, 0.24381170049654885], "refExptFluent": [1.0370282339156522, 0.24380758403847747]}