{"src": [-2.882246941430051, 0.24380393195894867], "refCrwdMinimal": [-0.13240942250246335, 0.24380156516016682], "refCrwdFluent": [0.9803805445165591, 0.2438028060113297], "refNUCLE": [0.6318545920072511, 0.2438042487038771], "data_points": [7796, 1.0], "refExptMinimal": [0.21305441713588383, 0.24380378606959913], "refExptFluent": [1.189347228785276, 0.2438015634860787]}