{"src": [-2.9509982922757607, 0.24379186843327416], "refCrwdMinimal": [0.00041913161054400256, 0.2437900917933505], "refCrwdFluent": [0.9638973411860714, 0.24378926946522253], "refNUCLE": [0.5718417395455071, 0.24379159862512778], "data_points": [7796, 1.0], "refExptMinimal": [0.23664714848246365, 0.24379107864449892], "refExptFluent": [1.1781711539152924, 0.24378962216228947]}