{"src": [-2.8567254808383438, 0.24379507987456048], "refCrwdMinimal": [0.029115884892128022, 0.24379047347657465], "refCrwdFluent": [0.8263115701850118, 0.2437956952083192], "refNUCLE": [0.5040152130896131, 0.2437929249240821], "data_points": [7796, 1.0], "refExptMinimal": [0.2587545628098113, 0.24379445409776282], "refExptFluent": [1.2385048005432415, 0.24379489745329372]}