{"src": [-3.005597301071904, 0.24381133950882328], "refCrwdMinimal": [-0.07160030142685543, 0.24380852160971647], "refCrwdFluent": [0.9971727888948333, 0.24381077579142751], "refNUCLE": [0.5163277654893887, 0.24380794911299897], "data_points": [7796, 1.0], "refExptMinimal": [0.26302664508977575, 0.2438120239581384], "refExptFluent": [1.300653036157747, 0.24380943832218013]}