{"src": [-2.8070445259241024, 0.2437875225705271], "refCrwdMinimal": [-0.10091435998081323, 0.24378581038019878], "refCrwdFluent": [1.1268522096740345, 0.24378678224862624], "refNUCLE": [0.436350186203916, 0.24378387147182476], "data_points": [7796, 1.0], "refExptMinimal": [0.25296030265069425, 0.24378337418738272], "refExptFluent": [1.0917815122519543, 0.2437875981711627]}