{"src": [-2.9889906935805723, 0.24380299388647436], "refCrwdMinimal": [0.079027553268798, 0.2437986823987962], "refCrwdFluent": [1.0049006114040562, 0.24380341929727467], "refNUCLE": [0.5306620774126418, 0.24380165595560144], "data_points": [7796, 1.0], "refExptMinimal": [0.27781705973206633, 0.24380267702865735], "refExptFluent": [1.0965630991664976, 0.24380266682521862]}