{"src": [-2.938987987993827, 0.24381414951528613], "refCrwdMinimal": [-0.03203082000639886, 0.2438117727628856], "refCrwdFluent": [1.1065219346476751, 0.24381174020596627], "refNUCLE": [0.5610648910705486, 0.2438130089550474], "data_points": [7796, 1.0], "refExptMinimal": [0.28032895062775376, 0.24380064380342648], "refExptFluent": [1.023081465746233, 0.2438119687095831]}