{"src": [-2.963593416258825, 0.2437876080403256], "refCrwdMinimal": [0.07552870919354104, 0.24378832292085792], "refCrwdFluent": [0.9259812858124882, 0.2437897702441096], "refNUCLE": [0.568029047553251, 0.2437859317834541], "data_points": [7796, 1.0], "refExptMinimal": [0.249688351160574, 0.24378599087810388], "refExptFluent": [1.144346540695404, 0.24378573362873104]}