{"src": [-2.8782773376266357, 0.2437887361058828], "refCrwdMinimal": [-0.011814206070760285, 0.24378759496728092], "refCrwdFluent": [1.003105304301973, 0.24378851664665088], "refNUCLE": [0.5416448749820282, 0.24378830300233173], "data_points": [7796, 1.0], "refExptMinimal": [0.17352845304412806, 0.243784860435486], "refExptFluent": [1.17179115892324, 0.24378951166936955]}