{"src": [-2.8048995169774757, 0.24379908595886812], "refCrwdMinimal": [0.022183538962423067, 0.24379226840692308], "refCrwdFluent": [0.9156598266889394, 0.2437992267116589], "refNUCLE": [0.5199614645005909, 0.24379011532763528], "data_points": [7796, 1.0], "refExptMinimal": [0.18531871029986305, 0.24379758777963154], "refExptFluent": [1.1617582795950814, 0.24379945063916617]}