{"src": [-2.9657229326593217, 0.24378956384377326], "refCrwdMinimal": [-0.06839984175601496, 0.2437911754557049], "refCrwdFluent": [0.9583348257441817, 0.24378908174793687], "refNUCLE": [0.6388931672367001, 0.2437878739887994], "data_points": [7796, 1.0], "refExptMinimal": [0.21912277721389978, 0.24378732233682746], "refExptFluent": [1.2177536124608501, 0.24379075436163256]}