{"src": [-2.876165015435051, 0.24379487084144746], "refCrwdMinimal": [-0.026277585452205866, 0.24379055595209465], "refCrwdFluent": [0.9888964214467744, 0.24379774884192956], "refNUCLE": [0.6269132771774237, 0.24379919191102126], "data_points": [7796, 1.0], "refExptMinimal": [0.2082582261072504, 0.2437967943269365], "refExptFluent": [1.0783578522925978, 0.24379971381831242]}