{"src": [-2.95161321678227, 0.2437891828003537], "refCrwdMinimal": [-0.10997689702310956, 0.24378644352295187], "refCrwdFluent": [1.007254040588468, 0.24378852812316396], "refNUCLE": [0.5283638617011025, 0.24378480212180084], "data_points": [7796, 1.0], "refExptMinimal": [0.37889392667130967, 0.2437890331786623], "refExptFluent": [1.14705497882722, 0.24378735646349958]}