{"src": [-3.060344818107216, 0.24378726854464575], "refCrwdMinimal": [-0.06290245538211106, 0.24378556495186113], "refCrwdFluent": [0.9713569686485038, 0.24378653550108506], "refNUCLE": [0.5153058718051645, 0.24377888890302146], "data_points": [7796, 1.0], "refExptMinimal": [0.3527772615411341, 0.24378662250288002], "refExptFluent": [1.2837853113571842, 0.24378751338010043]}