{"src": [-2.9189733639425404, 0.24378239441857946], "refCrwdMinimal": [0.012853866322354433, 0.24377954475779612], "refCrwdFluent": [1.0197394383135296, 0.24378313188958114], "refNUCLE": [0.44234061001954333, 0.24378042309722325], "data_points": [7796, 1.0], "refExptMinimal": [0.2671084680041113, 0.24378166554875016], "refExptFluent": [1.1769097056783786, 0.2437808886064462]}