{"src": [-3.010497320575464, 0.24381486267922187], "refCrwdMinimal": [-0.016332470687193824, 0.2438113203216017], "refCrwdFluent": [0.9532814619999811, 0.24381665925129495], "refNUCLE": [0.5181773064819317, 0.2438147634174224], "data_points": [7796, 1.0], "refExptMinimal": [0.3051986873262672, 0.24381227256235086], "refExptFluent": [1.2501503096625903, 0.24381646804149607]}