{"src": [-2.878409652793557, 0.2437977107898364], "refCrwdMinimal": [-0.05380802655231443, 0.24379927231322956], "refCrwdFluent": [0.862092985865269, 0.24379925255006296], "refNUCLE": [0.6981425010802378, 0.24378979325434208], "data_points": [7796, 1.0], "refExptMinimal": [0.20066030114336403, 0.24379982466345876], "refExptFluent": [1.1712959487118095, 0.24379820671941643]}