{"src": [-2.894739041236221, 0.2438040086465313], "refCrwdMinimal": [-0.10376029885821521, 0.2438035431849992], "refCrwdFluent": [1.0212998156118163, 0.24380339046524077], "refNUCLE": [0.5273950166416128, 0.24380584028838986], "data_points": [7796, 1.0], "refExptMinimal": [0.2705579371760712, 0.24379893090293675], "refExptFluent": [1.179222526010524, 0.24380224782823637]}