{"src": [-2.8713731520076973, 0.2437880891997879], "refCrwdMinimal": [-0.08068262376056004, 0.24378970044710652], "refCrwdFluent": [1.0198376328229486, 0.24378878330517362], "refNUCLE": [0.576112066448869, 0.2437885382308075], "data_points": [7796, 1.0], "refExptMinimal": [0.2277929822243135, 0.24378492373412092], "refExptFluent": [1.128294181324371, 0.24378739149881012]}