{"src": [-2.9404858358879626, 0.24380803121949587], "refCrwdMinimal": [0.01861269077173234, 0.2438049507082228], "refCrwdFluent": [0.8761142302847966, 0.24380531922920862], "refNUCLE": [0.5932437246887794, 0.243806526475787], "data_points": [7796, 1.0], "refExptMinimal": [0.2693616751638941, 0.24380741536278672], "refExptFluent": [1.1831350937905496, 0.24380755744137433]}