{"src": [-2.962334329252577, 0.24380725150329374], "refCrwdMinimal": [-0.02364404079129946, 0.24380572951866267], "refCrwdFluent": [0.9288291811595145, 0.24380865046608893], "refNUCLE": [0.5488086624577265, 0.24380850712180901], "data_points": [7796, 1.0], "refExptMinimal": [0.3440893550221412, 0.24380331650718515], "refExptFluent": [1.1642317603231296, 0.2438067554423342]}