{"src": [-2.935309147220455, 0.24380713552242264], "refCrwdMinimal": [-0.0389206828631149, 0.24379936342440225], "refCrwdFluent": [0.965827897786602, 0.24380782880350377], "refNUCLE": [0.5078578744506981, 0.2438090418780614], "data_points": [7796, 1.0], "refExptMinimal": [0.36476192173075495, 0.24380898652841643], "refExptFluent": [1.1357627213839145, 0.24380743566555724]}