{"src": [-2.997946994156362, 0.24380342058143767], "refCrwdMinimal": [-0.03885955704300486, 0.24380239645842033], "refCrwdFluent": [0.9625448350729432, 0.2438044162743853], "refNUCLE": [0.5081455889205754, 0.2437984145318053], "data_points": [7796, 1.0], "refExptMinimal": [0.2715697049124162, 0.24379882857224797], "refExptFluent": [1.2945265242271435, 0.24380226822055448]}