{"src": [-3.0496320861481756, 0.2438050310867642], "refCrwdMinimal": [0.010918619364288123, 0.24380217917485247], "refCrwdFluent": [1.1144100876967553, 0.24380581196669399], "refNUCLE": [0.5537337838103856, 0.24380182159712127], "data_points": [7796, 1.0], "refExptMinimal": [0.2930920107308805, 0.24380332776756455], "refExptFluent": [1.077460191436219, 0.24380531227347735]}