{"src": [-2.9688129636434173, 0.24379335811645828], "refCrwdMinimal": [-0.04497198771701253, 0.24379146007447253], "refCrwdFluent": [1.021297384985334, 0.24378942796691963], "refNUCLE": [0.4454611143143878, 0.2437921455480627], "data_points": [7796, 1.0], "refExptMinimal": [0.26580044521334656, 0.24379171723128548], "refExptFluent": [1.281200550643962, 0.24379460756221277]}