{"src": [-2.945593532579046, 0.24378135299031156], "refCrwdMinimal": [-0.04055905354937379, 0.2437794964721237], "refCrwdFluent": [1.0890720751103375, 0.243781310298151], "refNUCLE": [0.5814800209125642, 0.24377508679557192], "data_points": [7796, 1.0], "refExptMinimal": [0.308508855810559, 0.24377190163999893], "refExptFluent": [1.0070673077406238, 0.24377914896735509]}