{"src": [-2.9460277968275563, 0.2438033662779673], "refCrwdMinimal": [0.037251859061096966, 0.24380329080279067], "refCrwdFluent": [0.95881040164843, 0.24379986719172664], "refNUCLE": [0.5536566736174662, 0.24379380519086616], "data_points": [7796, 1.0], "refExptMinimal": [0.341245116110537, 0.24380396854352057], "refExptFluent": [1.055037053437559, 0.24380191691301065]}