{"src": [-2.878133231179987, 0.24379446126200524], "refCrwdMinimal": [-0.007207625449301836, 0.24379506110824878], "refCrwdFluent": [1.008507978680799, 0.24379527343340499], "refNUCLE": [0.5305491230791916, 0.24379649328499287], "data_points": [7796, 1.0], "refExptMinimal": [0.28409541594212323, 0.24379337816147478], "refExptFluent": [1.0621632404149133, 0.2437890684054623]}