{"src": [-2.81955825233752, 0.2437870930535344], "refCrwdMinimal": [-0.03799464274218856, 0.24378537336005368], "refCrwdFluent": [0.9767299660287846, 0.2437763548425936], "refNUCLE": [0.5883609778855117, 0.2437870296488781], "data_points": [7796, 1.0], "refExptMinimal": [0.20288624698297836, 0.24378329308704308], "refExptFluent": [1.0895554808920846, 0.24378551194483752]}