{"src": [-2.951512197430401, 0.24379650465753763], "refCrwdMinimal": [-0.020121023097387187, 0.24378800736568015], "refCrwdFluent": [1.039065763350001, 0.24379517534023723], "refNUCLE": [0.5453452551082293, 0.2437963829007537], "data_points": [7796, 1.0], "refExptMinimal": [0.26726055078322536, 0.24379123785676995], "refExptFluent": [1.1199433743343756, 0.24379454683744156]}