{"src": [-2.8659330006926558, 0.2437935123189381], "refCrwdMinimal": [-0.023195276995301998, 0.24378988845589405], "refCrwdFluent": [0.9910757379598828, 0.24379194348030853], "refNUCLE": [0.4318023261517961, 0.24379203351224538], "data_points": [7796, 1.0], "refExptMinimal": [0.26251134012061444, 0.24376887526101573], "refExptFluent": [1.2037190601549712, 0.2437910638352322]}