{"src": [-2.9210114989681095, 0.24378522284068932], "refCrwdMinimal": [-0.08596328170491362, 0.24378543672757075], "refCrwdFluent": [0.9598985745186157, 0.24378339802409052], "refNUCLE": [0.5793700094015235, 0.24378531606618434], "data_points": [7796, 1.0], "refExptMinimal": [0.2893627947197531, 0.24377408095815392], "refExptFluent": [1.1783216900616957, 0.24378139644837668]}