{"src": [-2.9942452296187736, 0.2438143191840328], "refCrwdMinimal": [0.02310498507978812, 0.2438107646868792], "refCrwdFluent": [0.9658700424637038, 0.24381296936638044], "refNUCLE": [0.5001300435576673, 0.2438135376137903], "data_points": [7796, 1.0], "refExptMinimal": [0.29253801471128116, 0.24380133519439215], "refExptFluent": [1.212583591675372, 0.24381297490142273]}