{"src": [-2.9744730693397696, 0.24380219890173416], "refCrwdMinimal": [0.01435415520983923, 0.24380200024485926], "refCrwdFluent": [1.0033236764866875, 0.24380074245919506], "refNUCLE": [0.5410220117857497, 0.24379883595993726], "data_points": [7796, 1.0], "refExptMinimal": [0.3320432119730107, 0.24379603341030506], "refExptFluent": [1.0837038101930616, 0.24379876995369626]}