{"src": [-2.9656924308621164, 0.2437919591697206], "refCrwdMinimal": [0.03734350846468789, 0.24378848941584427], "refCrwdFluent": [1.0074878251588466, 0.2437911545342393], "refNUCLE": [0.6120424399607406, 0.2437859734899556], "data_points": [7796, 1.0], "refExptMinimal": [0.1748405765999809, 0.2437909192573262], "refExptFluent": [1.1339586842680922, 0.24379023480691148]}