{"src": [-2.9495941281025426, 0.24379635602407773], "refCrwdMinimal": [0.07207731739008785, 0.2437768063231952], "refCrwdFluent": [0.9599890075172303, 0.24379481078982043], "refNUCLE": [0.47854462830606787, 0.24379219842719155], "data_points": [7796, 1.0], "refExptMinimal": [0.2252186317686316, 0.24378800695941888], "refExptFluent": [1.2137471424252146, 0.24379526620025074]}