{"src": [-2.836894743121741, 0.24379029392040474], "refCrwdMinimal": [-0.0138947845014828, 0.2437912371041939], "refCrwdFluent": [0.9646309420009609, 0.24378941134626073], "refNUCLE": [0.6024766981057385, 0.2437855203461621], "data_points": [7796, 1.0], "refExptMinimal": [0.2624383435881551, 0.24379079085463481], "refExptFluent": [1.0212241347214255, 0.24379068914081256]}