{"src": [-3.0265918723205543, 0.24381534986292944], "refCrwdMinimal": [0.035865406904717234, 0.24381682118864656], "refCrwdFluent": [0.9751298834684119, 0.24381564599941405], "refNUCLE": [0.5686734551881867, 0.24381705007044188], "data_points": [7796, 1.0], "refExptMinimal": [0.2572484904333892, 0.24379583243718933], "refExptFluent": [1.1896558462136018, 0.24381402864918428]}