{"src": [-2.9892210543457782, 0.24380561285011612], "refCrwdMinimal": [-0.01409549720394611, 0.2438044143234256], "refCrwdFluent": [0.8636964842353627, 0.24380279060378868], "refNUCLE": [0.6253000404547533, 0.24380433131754023], "data_points": [7796, 1.0], "refExptMinimal": [0.2458904745188926, 0.24380630107332174], "refExptFluent": [1.2684054137317506, 0.24380418278698038]}