{"src": [-2.9458762294609486, 0.2438009298051072], "refCrwdMinimal": [-0.04800535557067021, 0.24379829534738223], "refCrwdFluent": [0.969434209579791, 0.24380124866123704], "refNUCLE": [0.5000769252923252, 0.24379530563173157], "data_points": [7796, 1.0], "refExptMinimal": [0.31745061204036834, 0.2437996936156648], "refExptFluent": [1.206897668655981, 0.24380143062318185]}