{"src": [-2.9227177665870006, 0.24379278685340824], "refCrwdMinimal": [-0.017516318280532555, 0.24379543747596444], "refCrwdFluent": [0.8225680457700771, 0.24379159048102508], "refNUCLE": [0.5702287121819154, 0.2437942053677951], "data_points": [7796, 1.0], "refExptMinimal": [0.3215353238082381, 0.24378433557573523], "refExptFluent": [1.2258814790429848, 0.24379455880159873]}