{"src": [-2.8209530112259076, 0.24379248882614912], "refCrwdMinimal": [-0.0678631004835559, 0.24378947247732893], "refCrwdFluent": [0.9266291297500587, 0.24378814997079049], "refNUCLE": [0.43627552189524216, 0.24379299837945553], "data_points": [7796, 1.0], "refExptMinimal": [0.30226897496288685, 0.2437914182602893], "refExptFluent": [1.2236221978001438, 0.24379043128887576]}