{"src": [-2.9206861574188427, 0.24379062325640966], "refCrwdMinimal": [-0.06545002618432896, 0.2437896532448298], "refCrwdFluent": [0.9408344468244885, 0.24378997023094823], "refNUCLE": [0.5429701412065591, 0.24378959485247637], "data_points": [7796, 1.0], "refExptMinimal": [0.33881021359776886, 0.24378934140771188], "refExptFluent": [1.1634989515566259, 0.2437821425124594]}