{"src": [-2.8493138407927763, 0.24379024230844304], "refCrwdMinimal": [0.03251465992410458, 0.24379023737618172], "refCrwdFluent": [1.005115333328806, 0.24378668660379116], "refNUCLE": [0.5356347664700627, 0.2437903257164587], "data_points": [7796, 1.0], "refExptMinimal": [0.2227118275311388, 0.24379081740189207], "refExptFluent": [1.0533163975592528, 0.24378993231835872]}