{"src": [-2.8675760757922917, 0.24377849342232719], "refCrwdMinimal": [0.012147655008872531, 0.24377808425560019], "refCrwdFluent": [0.8804481099531406, 0.24377977974380244], "refNUCLE": [0.5741340974195586, 0.2437783654018222], "data_points": [7796, 1.0], "refExptMinimal": [0.17983136108794096, 0.24377069879347776], "refExptFluent": [1.2209958109375518, 0.24378012002479307]}