{"src": [-2.8587607726915083, 0.2438126799155377], "refCrwdMinimal": [-0.09202503897612009, 0.24381091005039987], "refCrwdFluent": [0.9402042319085514, 0.24381065151224465], "refNUCLE": [0.5167515916080128, 0.24380365491001035], "data_points": [7796, 1.0], "refExptMinimal": [0.22615696120760312, 0.24380961937890183], "refExptFluent": [1.2676575582126068, 0.24381169214826232]}