{"src": [-2.9036196228710014, 0.24379080377399448], "refCrwdMinimal": [-0.06142746540357461, 0.24379070203857545], "refCrwdFluent": [1.0022206855261973, 0.24379168152339772], "refNUCLE": [0.5859225803734196, 0.24378859687731574], "data_points": [7796, 1.0], "refExptMinimal": [0.24580850291381515, 0.24378913973715785], "refExptFluent": [1.1310786095474208, 0.24379024553394613]}