{"src": [-2.8767902303219914, 0.24378767439943544], "refCrwdMinimal": [-0.10613301782744497, 0.24378311917201947], "refCrwdFluent": [0.9163691776984598, 0.24378983542362992], "refNUCLE": [0.4528857811958034, 0.24378857465936904], "data_points": [7796, 1.0], "refExptMinimal": [0.30627797803412965, 0.24377784155241852], "refExptFluent": [1.3073700296296933, 0.24378915541577306]}