{"src": [-2.8640637338829813, 0.24378569654844562], "refCrwdMinimal": [-0.03247544861646069, 0.2437847890633872], "refCrwdFluent": [1.0034051454141646, 0.2437849107840434], "refNUCLE": [0.4740618045216506, 0.2437761768810046], "data_points": [7796, 1.0], "refExptMinimal": [0.2795306673766834, 0.2437856478548634], "refExptFluent": [1.139524016604936, 0.24378655810719235]}