{"src": [-2.9920406768277563, 0.2437984598111452], "refCrwdMinimal": [0.01630161192796919, 0.24380128964857067], "refCrwdFluent": [0.9867867538182173, 0.24379633543307944], "refNUCLE": [0.5631580027249815, 0.2438005732859776], "data_points": [7796, 1.0], "refExptMinimal": [0.2618514190178977, 0.24378989770522], "refExptFluent": [1.1639204756053891, 0.24379925684507078]}