{"src": [-2.971257187514485, 0.24380122703611012], "refCrwdMinimal": [-0.05047028437367023, 0.24379930533354965], "refCrwdFluent": [1.049775610315828, 0.24379766559435162], "refNUCLE": [0.517626640286442, 0.24379704222430826], "data_points": [7796, 1.0], "refExptMinimal": [0.3215153915481327, 0.24380015332226837], "refExptFluent": [1.1327890200279598, 0.2438002189795903]}