{"src": [-2.8976450154881626, 0.24379383303892754], "refCrwdMinimal": [0.08923293711934452, 0.24379302671989556], "refCrwdFluent": [0.9276415187587901, 0.24379067053765383], "refNUCLE": [0.509625437991852, 0.24379230689741926], "data_points": [7796, 1.0], "refExptMinimal": [0.2253519928916703, 0.24378728441074116], "refExptFluent": [1.1457748290558927, 0.24379184852425295]}