{"src": [-2.9070938297693987, 0.2437868845784869], "refCrwdMinimal": [-0.0553481867145221, 0.24378447881616785], "refCrwdFluent": [1.048378190948121, 0.2437856762321442], "refNUCLE": [0.4820394547623163, 0.24378619750936256], "data_points": [7796, 1.0], "refExptMinimal": [0.2798337962309259, 0.24378630935861464], "refExptFluent": [1.1521727966998103, 0.24378511522051913]}