{"src": [-2.752962459207766, 0.24379945120900884], "refCrwdMinimal": [0.013466814876011065, 0.24380000763025247], "refCrwdFluent": [0.8847620479649326, 0.2437976659183506], "refNUCLE": [0.4813389167116615, 0.24379196985052767], "data_points": [7796, 1.0], "refExptMinimal": [0.2371210343562903, 0.24380055826182445], "refExptFluent": [1.1362588368267772, 0.2437987585748542]}