{"src": [-2.942447991223993, 0.24378692343927924], "refCrwdMinimal": [-0.1323678707137689, 0.24378475848231337], "refCrwdFluent": [1.0179562544683922, 0.24378833299325858], "refNUCLE": [0.5345170502903804, 0.24378886569699507], "data_points": [7796, 1.0], "refExptMinimal": [0.2798209916366371, 0.2437830018128641], "refExptFluent": [1.242501762891692, 0.24378879099885106]}