{"src": [-2.8782315268717014, 0.24379055965596524], "refCrwdMinimal": [-0.01868071295573955, 0.24378544860865095], "refCrwdFluent": [1.0481612060936825, 0.2437920211727869], "refNUCLE": [0.5519039203992238, 0.24378756139647892], "data_points": [7796, 1.0], "refExptMinimal": [0.21057962021092214, 0.24379085459574612], "refExptFluent": [1.086251030935849, 0.24379257175636132]}