{"src": [-3.0889813509891866, 0.2437997773916904], "refCrwdMinimal": [-0.027991186885602707, 0.24379581147415452], "refCrwdFluent": [1.0161177611275451, 0.24379590823317673], "refNUCLE": [0.7405038527974577, 0.24379860438257758], "data_points": [7796, 1.0], "refExptMinimal": [0.2620310438624457, 0.24379951435610428], "refExptFluent": [1.0982933836001028, 0.24379956189743576]}