{"src": [-2.85896304411448, 0.24379964812899405], "refCrwdMinimal": [-0.04612182496485113, 0.24379155205880218], "refCrwdFluent": [1.0076680664236837, 0.24380126279612566], "refNUCLE": [0.5228045944864669, 0.24379337835383388], "data_points": [7796, 1.0], "refExptMinimal": [0.15836298009376656, 0.2438006290061053], "refExptFluent": [1.216231883863263, 0.2438009997936204]}