{"src": [-2.8871764104432507, 0.24380571772283294], "refCrwdMinimal": [-0.01926133846278404, 0.24380273526787669], "refCrwdFluent": [0.9495929827916223, 0.24380430893930496], "refNUCLE": [0.5338919946334302, 0.24380582841806012], "data_points": [7796, 1.0], "refExptMinimal": [0.25682978762914804, 0.24380345651455726], "refExptFluent": [1.166108439571492, 0.24380373703234848]}