{"src": [-2.9743903078552085, 0.2437957816199557], "refCrwdMinimal": [-0.0139837066912363, 0.2437960670479773], "refCrwdFluent": [1.0211609896248386, 0.2437966460462821], "refNUCLE": [0.5684263484617273, 0.24379489122194456], "data_points": [7796, 1.0], "refExptMinimal": [0.28459759613436014, 0.24379201280693932], "refExptFluent": [1.114169954041901, 0.24379009691316977]}