{"src": [-2.880197360502072, 0.24379912063110806], "refCrwdMinimal": [-0.10517691845329118, 0.2437974196207305], "refCrwdFluent": [0.93595057795674, 0.24379950206246062], "refNUCLE": [0.5630231858761998, 0.24379683958419163], "data_points": [7796, 1.0], "refExptMinimal": [0.23840931039804686, 0.2437952839314449], "refExptFluent": [1.2479732535876515, 0.24379965267979867]}