{"src": [-2.888701940201615, 0.24378940279088915], "refCrwdMinimal": [-0.008339278874225102, 0.24378887789298692], "refCrwdFluent": [0.9512301810743845, 0.24378992208082786], "refNUCLE": [0.5079271444176625, 0.24378880665039335], "data_points": [7796, 1.0], "refExptMinimal": [0.1862782722460896, 0.24378616407747972], "refExptFluent": [1.2515839305200467, 0.24378964825870522]}