{"src": [-2.922710799308187, 0.24380680933025137], "refCrwdMinimal": [0.030679267979492986, 0.24380608004755472], "refCrwdFluent": [0.9234400909228366, 0.24380604495115743], "refNUCLE": [0.5011173851553453, 0.24380618726757197], "data_points": [7796, 1.0], "refExptMinimal": [0.28937449386467107, 0.243802840099198], "refExptFluent": [1.1780789172957102, 0.2438048883482699]}