{"src": [-2.8257636024545096, 0.24378293189103117], "refCrwdMinimal": [-0.0012243484092679293, 0.24377963853068213], "refCrwdFluent": [1.0010034641567922, 0.24378481313302316], "refNUCLE": [0.4302036137031132, 0.24378101270871555], "data_points": [7796, 1.0], "refExptMinimal": [0.28755749393895064, 0.243783410327214], "refExptFluent": [1.1082017434034084, 0.24378455611503264]}