{"src": [-2.8659308102018617, 0.24380470640323196], "refCrwdMinimal": [-0.08620475585630721, 0.24380532403772384], "refCrwdFluent": [0.9715040492235838, 0.24380228048828909], "refNUCLE": [0.6451760039623737, 0.24380363029039123], "data_points": [7796, 1.0], "refExptMinimal": [0.1851233881368914, 0.2438004336567697], "refExptFluent": [1.1503186590342596, 0.24380436588929635]}